[
    {
        "pk": 177,
        "model": "eav.attribute",
        "fields": {
            "description": null,
            "created": "2012-02-20 22:18:18",
            "datatype": "text",
            "enum_group": null,
            "required": false,
            "site": 1,
            "modified": "2012-02-22 13:15:55",
            "type": null,
            "slug": "poll_poll_186",
            "name": "latest_poll"
        }
    },
    {
        "pk": 97,
        "model": "eav.attribute",
        "fields": {
            "description": "The location associated with a particular contact",
            "created": "2011-04-28 18:45:42",
            "datatype": "object",
            "enum_group": null,
            "required": false,
            "site": 2,
            "modified": "2011-04-28 18:45:42",
            "type": null,
            "slug": "contact_location",
            "name": "Location"
        }
    }
  ,
    {
        "pk": 178,
        "model": "eav.attribute",
        "fields": {
            "description": null,
            "created": "2012-02-20 22:18:30",
            "datatype": "text",
            "enum_group": null,
            "required": false,
            "site": 1,
            "modified": "2012-02-20 22:40:39",
            "type": null,
            "slug": "poll_question3",
            "name": "send_report"
        }
    },

    {
        "pk": "ussd_root3",
        "model": "ussd.screen",
        "fields": {
            "rght": 17,
            "parent": "ussd_root",
            "level": 1,
            "label": "Poll Results",
            "lft": 4,
            "tree_id": 1,
            "order": 2
        }
    },
    {
        "pk": "send_report",
        "model": "ussd.screen",
        "fields": {
            "rght": 19,
            "parent": "ussd_root",
            "level": 1,
            "label": "Send Report",
            "lft": 18,
            "tree_id": 1,
            "order": 3
        }
    },
    {
        "pk": "ussd_root",
        "model": "ussd.screen",
        "fields": {
            "rght": 20,
            "parent": null,
            "level": 0,
            "label": "Ignored",
            "lft": 1,
            "tree_id": 1,
            "order": 1
        }
    },
    {
        "pk": "report_response",
        "model": "ussd.screen",
        "fields": {
            "rght": 2,
            "parent": null,
            "level": 0,
            "label": "",
            "lft": 1,
            "tree_id": 3,
            "order": 0
        }
    },
    {
        "pk": "ussd_root2",
        "model": "ussd.screen",
        "fields": {
            "rght": 2,
            "parent": null,
            "level": 0,
            "label": "Thanks For your response",
            "lft": 1,
            "tree_id": 4,
            "order": 0
        }
    },
    {
        "pk": "question_response",
        "model": "ussd.screen",
        "fields": {
            "rght": 2,
            "parent": null,
            "level": 0,
            "label": "thanks",
            "lft": 1,
            "tree_id": 2,
            "order": 0
        }
    },
    {
        "pk": "weekly_poll",
        "model": "ussd.screen",
        "fields": {
            "rght": 3,
            "parent": "ussd_root",
            "level": 1,
            "label": "This Week's Poll",
            "lft": 2,
            "tree_id": 1,
            "order": 1
        }
    },
    {
        "pk": "res1",
        "model": "ussd.screen",
        "fields": {
            "rght": 16,
            "parent": "ussd_root3",
            "level": 2,
            "label": "FGM - Culture",
            "lft": 13,
            "tree_id": 1,
            "order": 1
        }
    },
    {
        "pk": "res2",
        "model": "ussd.screen",
        "fields": {
            "rght": 12,
            "parent": "ussd_root3",
            "level": 2,
            "label": "FGM - Awareness",
            "lft": 9,
            "tree_id": 1,
            "order": 2
        }
    },
    {
        "pk": "res3",
        "model": "ussd.screen",
        "fields": {
            "rght": 8,
            "parent": "ussd_root3",
            "level": 2,
            "label": "Solar Power Equip Availability",
            "lft": 5,
            "tree_id": 1,
            "order": 3
        }
    },
    {
        "pk": "res11",
        "model": "ussd.screen",
        "fields": {
            "rght": 15,
            "parent": "res1",
            "level": 3,
            "label": "no:62% unknown:16% yes:21% uncategorized:0% ",
            "lft": 14,
            "tree_id": 1,
            "order": 1
        }
    },
    {
        "pk": "res31",
        "model": "ussd.screen",
        "fields": {
            "rght": 7,
            "parent": "res3",
            "level": 3,
            "label": "no:49% yes:49% uncategorized:1% ",
            "lft": 6,
            "tree_id": 1,
            "order": 1
        }
    },
    {
        "pk": "res21",
        "model": "ussd.screen",
        "fields": {
            "rght": 11,
            "parent": "res2",
            "level": 3,
            "label": "no:14% unknown:8% yes:76% ",
            "lft": 10,
            "tree_id": 1,
            "order": 1
        }
    },
    {
        "pk": "ussd_root3",
        "model": "ussd.menu",
        "fields": {}
    },
    {
        "pk": "ussd_root",
        "model": "ussd.menu",
        "fields": {}
    },
    {
        "pk": "ussd_root2",
        "model": "ussd.menu",
        "fields": {}
    },
    {
        "pk": "res1",
        "model": "ussd.menu",
        "fields": {}
    },
    {
        "pk": "res2",
        "model": "ussd.menu",
        "fields": {}
    },
    {
        "pk": "res3",
        "model": "ussd.menu",
        "fields": {}
    },
    {
        "pk": "res11",
        "model": "ussd.menu",
        "fields": {}
    },
    {
        "pk": "res31",
        "model": "ussd.menu",
        "fields": {}
    },
    {
        "pk": "res21",
        "model": "ussd.menu",
        "fields": {}
    },
    {
        "pk": "send_report",
        "model": "ussd.question",
        "fields": {
            "question_text": "Enter Message:",
            "next": "report_response"
        }
    },
    {
        "pk": "weekly_poll",
        "model": "ussd.question",
        "fields": {
            "question_text": "6th Feb is day of zero tolerance to female circumcision.We know its illegal but is still practiced so is the culture more important than the law?1.YES or 2.NO\r\n",
            "next": "question_response"
        }
    },
    {
        "pk": "send_report",
        "model": "ussd.field",
        "fields": {
            "field": 178
        }
    },
    {
        "pk": "weekly_poll",
        "model": "ussd.field",
        "fields": {
            "field": 177
        }
    },
    {
        "pk": "report_response",
        "model": "ussd.stubscreen",
        "fields": {
            "terminal": true,
            "text": "Thanks For Your Response"
        }
    },
    {
        "pk": "question_response",
        "model": "ussd.stubscreen",
        "fields": {
            "terminal": true,
            "text": "Cultural practices are important to our identity, but when they violate human rights or risk death they should be stopped."
        }
    },
    {
        "pk": 1,
        "model": "ussd.session",
        "fields": {
            "connection": 92170,
            "submissions": [7400],
            "transaction_id": "120203823"
        }
    },
    {
        "pk": 2,
        "model": "ussd.session",
        "fields": {
            "connection": 92170,
            "submissions": [],
            "transaction_id": "140226498"
        }
    },
    {
        "pk": 3,
        "model": "ussd.session",
        "fields": {
            "connection": 31389,
            "submissions": [],
            "transaction_id": "140235205"
        }
    },
    {
        "pk": 4,
        "model": "ussd.session",
        "fields": {
            "connection": 31389,
            "submissions": [],
            "transaction_id": "140212155"
        }
    },
    {
        "pk": 5,
        "model": "ussd.session",
        "fields": {
            "connection": 92170,
            "submissions": [],
            "transaction_id": "140211779"
        }
    },
    {
        "pk": 6,
        "model": "ussd.session",
        "fields": {
            "connection": 92170,
            "submissions": [],
            "transaction_id": "150253509"
        }
    },
    {
        "pk": 7,
        "model": "ussd.session",
        "fields": {
            "connection": 92171,
            "submissions": [],
            "transaction_id": "150213818"
        }
    },
    {
        "pk": 8,
        "model": "ussd.session",
        "fields": {
            "connection": 92172,
            "submissions": [],
            "transaction_id": "170217110"
        }
    },
    {
        "pk": 9,
        "model": "ussd.session",
        "fields": {
            "connection": 92170,
            "submissions": [],
            "transaction_id": "90249675"
        }
    },
    {
        "pk": 10,
        "model": "ussd.session",
        "fields": {
            "connection": 92170,
            "submissions": [],
            "transaction_id": "90210386"
        }
    },
    {
        "pk": 11,
        "model": "ussd.session",
        "fields": {
            "connection": 92170,
            "submissions": [],
            "transaction_id": "90200273"
        }
    },
    {
        "pk": 12,
        "model": "ussd.session",
        "fields": {
            "connection": 92170,
            "submissions": [],
            "transaction_id": "100212628"
        }
    },
    {
        "pk": 14,
        "model": "ussd.session",
        "fields": {
            "connection": 92174,
            "submissions": [],
            "transaction_id": "120248349"
        }
    },
    {
        "pk": 15,
        "model": "ussd.session",
        "fields": {
            "connection": 92174,
            "submissions": [],
            "transaction_id": "120208511"
        }
    },
    {
        "pk": 16,
        "model": "ussd.session",
        "fields": {
            "connection": 92174,
            "submissions": [],
            "transaction_id": "120255488"
        }
    },
    {
        "pk": 17,
        "model": "ussd.session",
        "fields": {
            "connection": 92174,
            "submissions": [],
            "transaction_id": "120221147"
        }
    },
    {
        "pk": 18,
        "model": "ussd.session",
        "fields": {
            "connection": 92174,
            "submissions": [],
            "transaction_id": "120228492"
        }
    },
    {
        "pk": 19,
        "model": "ussd.session",
        "fields": {
            "connection": 92174,
            "submissions": [],
            "transaction_id": "120249602"
        }
    },
    {
        "pk": 20,
        "model": "ussd.session",
        "fields": {
            "connection": 92174,
            "submissions": [],
            "transaction_id": "130255689"
        }
    },
    {
        "pk": 21,
        "model": "ussd.session",
        "fields": {
            "connection": 31884,
            "submissions": [],
            "transaction_id": "190248661"
        }
    },
    {
        "pk": 22,
        "model": "ussd.session",
        "fields": {
            "connection": 31884,
            "submissions": [],
            "transaction_id": "190224065"
        }
    },
    {
        "pk": 23,
        "model": "ussd.session",
        "fields": {
            "connection": 31884,
            "submissions": [],
            "transaction_id": "190250049"
        }
    },
    {
        "pk": 24,
        "model": "ussd.session",
        "fields": {
            "connection": 4028,
            "submissions": [],
            "transaction_id": "200225568"
        }
    },
    {
        "pk": 25,
        "model": "ussd.session",
        "fields": {
            "connection": 92175,
            "submissions": [],
            "transaction_id": "200250805"
        }
    },
    {
        "pk": 26,
        "model": "ussd.session",
        "fields": {
            "connection": 92176,
            "submissions": [],
            "transaction_id": "200219445"
        }
    },
    {
        "pk": 27,
        "model": "ussd.session",
        "fields": {
            "connection": 92175,
            "submissions": [],
            "transaction_id": "200229727"
        }
    },
    {
        "pk": 28,
        "model": "ussd.session",
        "fields": {
            "connection": 92176,
            "submissions": [],
            "transaction_id": "200252098"
        }
    },
    {
        "pk": 29,
        "model": "ussd.session",
        "fields": {
            "connection": 92175,
            "submissions": [],
            "transaction_id": "200255286"
        }
    },
    {
        "pk": 30,
        "model": "ussd.session",
        "fields": {
            "connection": 92176,
            "submissions": [],
            "transaction_id": "200243061"
        }
    },
    {
        "pk": 31,
        "model": "ussd.session",
        "fields": {
            "connection": 92177,
            "submissions": [],
            "transaction_id": "210255596"
        }
    },
    {
        "pk": 32,
        "model": "ussd.session",
        "fields": {
            "connection": 92177,
            "submissions": [],
            "transaction_id": "210204305"
        }
    },
    {
        "pk": 33,
        "model": "ussd.session",
        "fields": {
            "connection": 92177,
            "submissions": [],
            "transaction_id": "210247398"
        }
    },
    {
        "pk": 34,
        "model": "ussd.session",
        "fields": {
            "connection": 92178,
            "submissions": [],
            "transaction_id": "210204164"
        }
    },
    {
        "pk": 35,
        "model": "ussd.session",
        "fields": {
            "connection": 92179,
            "submissions": [],
            "transaction_id": "90226460"
        }
    },
    {
        "pk": 36,
        "model": "ussd.session",
        "fields": {
            "connection": 92180,
            "submissions": [],
            "transaction_id": "100255802"
        }
    },
    {
        "pk": 37,
        "model": "ussd.session",
        "fields": {
            "connection": 92181,
            "submissions": [],
            "transaction_id": "100213777"
        }
    },
    {
        "pk": 38,
        "model": "ussd.session",
        "fields": {
            "connection": 92181,
            "submissions": [],
            "transaction_id": "100238643"
        }
    },
    {
        "pk": 39,
        "model": "ussd.session",
        "fields": {
            "connection": 92181,
            "submissions": [],
            "transaction_id": "140210295"
        }
    },
    {
        "pk": 40,
        "model": "ussd.session",
        "fields": {
            "connection": 91588,
            "submissions": [],
            "transaction_id": "170209260"
        }
    },
    {
        "pk": 41,
        "model": "ussd.session",
        "fields": {
            "connection": 91588,
            "submissions": [],
            "transaction_id": "170242187"
        }
    },
    {
        "pk": 42,
        "model": "ussd.session",
        "fields": {
            "connection": 14491,
            "submissions": [],
            "transaction_id": "200205547"
        }
    },
    {
        "pk": 43,
        "model": "ussd.session",
        "fields": {
            "connection": 31100,
            "submissions": [],
            "transaction_id": "200254199"
        }
    },
    {
        "pk": 44,
        "model": "ussd.session",
        "fields": {
            "connection": 31100,
            "submissions": [],
            "transaction_id": "200205819"
        }
    },
    {
        "pk": 45,
        "model": "ussd.session",
        "fields": {
            "connection": 31100,
            "submissions": [],
            "transaction_id": "200216405"
        }
    },
    {
        "pk": 46,
        "model": "ussd.session",
        "fields": {
            "connection": 42646,
            "submissions": [],
            "transaction_id": "210202324"
        }
    },
    {
        "pk": 47,
        "model": "ussd.session",
        "fields": {
            "connection": 42646,
            "submissions": [],
            "transaction_id": "220217541"
        }
    },
    {
        "pk": 48,
        "model": "ussd.session",
        "fields": {
            "connection": 92182,
            "submissions": [],
            "transaction_id": "252936"
        }
    },
    {
        "pk": 49,
        "model": "ussd.session",
        "fields": {
            "connection": 92181,
            "submissions": [],
            "transaction_id": "20210087"
        }
    },
    {
        "pk": 50,
        "model": "ussd.session",
        "fields": {
            "connection": 92181,
            "submissions": [],
            "transaction_id": "20214393"
        }
    },
    {
        "pk": 51,
        "model": "ussd.session",
        "fields": {
            "connection": 92181,
            "submissions": [],
            "transaction_id": "20252482"
        }
    },
    {
        "pk": 52,
        "model": "ussd.session",
        "fields": {
            "connection": 92181,
            "submissions": [],
            "transaction_id": "20208808"
        }
    },
    {
        "pk": 53,
        "model": "ussd.session",
        "fields": {
            "connection": 92181,
            "submissions": [],
            "transaction_id": "20239180"
        }
    },
    {
        "pk": 54,
        "model": "ussd.session",
        "fields": {
            "connection": 92181,
            "submissions": [],
            "transaction_id": "20241320"
        }
    },
    {
        "pk": 55,
        "model": "ussd.session",
        "fields": {
            "connection": 92181,
            "submissions": [],
            "transaction_id": "30214928"
        }
    },
    {
        "pk": 56,
        "model": "ussd.session",
        "fields": {
            "connection": 92181,
            "submissions": [],
            "transaction_id": "30203041"
        }
    },
    {
        "pk": 57,
        "model": "ussd.session",
        "fields": {
            "connection": 92181,
            "submissions": [],
            "transaction_id": "30212185"
        }
    },
    {
        "pk": 58,
        "model": "ussd.session",
        "fields": {
            "connection": 92181,
            "submissions": [],
            "transaction_id": "30246487"
        }
    },
    {
        "pk": 59,
        "model": "ussd.session",
        "fields": {
            "connection": 92181,
            "submissions": [],
            "transaction_id": "30210680"
        }
    },
    {
        "pk": 60,
        "model": "ussd.session",
        "fields": {
            "connection": 92183,
            "submissions": [],
            "transaction_id": "70219780"
        }
    },
    {
        "pk": 61,
        "model": "ussd.session",
        "fields": {
            "connection": 92183,
            "submissions": [],
            "transaction_id": "70215866"
        }
    },
    {
        "pk": 62,
        "model": "ussd.session",
        "fields": {
            "connection": 92183,
            "submissions": [],
            "transaction_id": "70227278"
        }
    },
    {
        "pk": 63,
        "model": "ussd.session",
        "fields": {
            "connection": 92170,
            "submissions": [],
            "transaction_id": "90214210"
        }
    },
    {
        "pk": 64,
        "model": "ussd.session",
        "fields": {
            "connection": 92170,
            "submissions": [],
            "transaction_id": "90250358"
        }
    },
    {
        "pk": 65,
        "model": "ussd.session",
        "fields": {
            "connection": 92170,
            "submissions": [],
            "transaction_id": "90249053"
        }
    },
    {
        "pk": 66,
        "model": "ussd.session",
        "fields": {
            "connection": 92170,
            "submissions": [],
            "transaction_id": "90215973"
        }
    },
    {
        "pk": 67,
        "model": "ussd.session",
        "fields": {
            "connection": 92170,
            "submissions": [],
            "transaction_id": "90248746"
        }
    },
    {
        "pk": 68,
        "model": "ussd.session",
        "fields": {
            "connection": 92170,
            "submissions": [],
            "transaction_id": "90224154"
        }
    },
    {
        "pk": 69,
        "model": "ussd.session",
        "fields": {
            "connection": 92184,
            "submissions": [],
            "transaction_id": "90230785"
        }
    },
    {
        "pk": 70,
        "model": "ussd.session",
        "fields": {
            "connection": 92170,
            "submissions": [],
            "transaction_id": "90252273"
        }
    },
    {
        "pk": 71,
        "model": "ussd.session",
        "fields": {
            "connection": 92170,
            "submissions": [],
            "transaction_id": "90238147"
        }
    },
    {
        "pk": 72,
        "model": "ussd.session",
        "fields": {
            "connection": 92170,
            "submissions": [],
            "transaction_id": "100225504"
        }
    },
    {
        "pk": 73,
        "model": "ussd.session",
        "fields": {
            "connection": 92170,
            "submissions": [],
            "transaction_id": "100228050"
        }
    },
    {
        "pk": 74,
        "model": "ussd.session",
        "fields": {
            "connection": 61781,
            "submissions": [],
            "transaction_id": "100214112"
        }
    },
    {
        "pk": 75,
        "model": "ussd.session",
        "fields": {
            "connection": 61781,
            "submissions": [],
            "transaction_id": "100237007"
        }
    },
    {
        "pk": 76,
        "model": "ussd.session",
        "fields": {
            "connection": 92185,
            "submissions": [],
            "transaction_id": "100205195"
        }
    },
    {
        "pk": 77,
        "model": "ussd.session",
        "fields": {
            "connection": 61781,
            "submissions": [],
            "transaction_id": "100221159"
        }
    },
    {
        "pk": 78,
        "model": "ussd.session",
        "fields": {
            "connection": 92170,
            "submissions": [],
            "transaction_id": "120204482"
        }
    },
    {
        "pk": 79,
        "model": "ussd.session",
        "fields": {
            "connection": 92170,
            "submissions": [],
            "transaction_id": "120246688"
        }
    },
    {
        "pk": 80,
        "model": "ussd.session",
        "fields": {
            "connection": 92170,
            "submissions": [],
            "transaction_id": "120243143"
        }
    },
    {
        "pk": 81,
        "model": "ussd.session",
        "fields": {
            "connection": 92170,
            "submissions": [],
            "transaction_id": "120219116"
        }
    },
    {
        "pk": 82,
        "model": "ussd.session",
        "fields": {
            "connection": 92170,
            "submissions": [],
            "transaction_id": "120255990"
        }
    },
    {
        "pk": 83,
        "model": "ussd.session",
        "fields": {
            "connection": 92170,
            "submissions": [],
            "transaction_id": "120219541"
        }
    },
    {
        "pk": 84,
        "model": "ussd.session",
        "fields": {
            "connection": 92170,
            "submissions": [],
            "transaction_id": "120230830"
        }
    },
    {
        "pk": 85,
        "model": "ussd.session",
        "fields": {
            "connection": 92170,
            "submissions": [],
            "transaction_id": "120242787"
        }
    },
    {
        "pk": 86,
        "model": "ussd.session",
        "fields": {
            "connection": 92170,
            "submissions": [],
            "transaction_id": "120224972"
        }
    },
    {
        "pk": 87,
        "model": "ussd.session",
        "fields": {
            "connection": 92170,
            "submissions": [],
            "transaction_id": "120213244"
        }
    },
    {
        "pk": 88,
        "model": "ussd.session",
        "fields": {
            "connection": 92170,
            "submissions": [],
            "transaction_id": "120224714"
        }
    },
    {
        "pk": 89,
        "model": "ussd.session",
        "fields": {
            "connection": 92170,
            "submissions": [],
            "transaction_id": "120250355"
        }
    },
    {
        "pk": 90,
        "model": "ussd.session",
        "fields": {
            "connection": 92186,
            "submissions": [],
            "transaction_id": "130241906"
        }
    },
    {
        "pk": 91,
        "model": "ussd.session",
        "fields": {
            "connection": 92185,
            "submissions": [],
            "transaction_id": "140255562"
        }
    },
    {
        "pk": 92,
        "model": "ussd.session",
        "fields": {
            "connection": 92185,
            "submissions": [],
            "transaction_id": "140215593"
        }
    },
    {
        "pk": 93,
        "model": "ussd.session",
        "fields": {
            "connection": 92185,
            "submissions": [],
            "transaction_id": "140211740"
        }
    },
    {
        "pk": 94,
        "model": "ussd.session",
        "fields": {
            "connection": 92187,
            "submissions": [],
            "transaction_id": "140226164"
        }
    },
    {
        "pk": 95,
        "model": "ussd.session",
        "fields": {
            "connection": 92187,
            "submissions": [],
            "transaction_id": "140213351"
        }
    },
    {
        "pk": 96,
        "model": "ussd.session",
        "fields": {
            "connection": 92188,
            "submissions": [],
            "transaction_id": "150216437"
        }
    },
    {
        "pk": 97,
        "model": "ussd.session",
        "fields": {
            "connection": 92190,
            "submissions": [],
            "transaction_id": "190205963"
        }
    },
    {
        "pk": 98,
        "model": "ussd.session",
        "fields": {
            "connection": 92187,
            "submissions": [],
            "transaction_id": "190234282"
        }
    },
    {
        "pk": 99,
        "model": "ussd.session",
        "fields": {
            "connection": 92191,
            "submissions": [],
            "transaction_id": "210234792"
        }
    },
    {
        "pk": 100,
        "model": "ussd.session",
        "fields": {
            "connection": 92192,
            "submissions": [],
            "transaction_id": "210205180"
        }
    },
    {
        "pk": 101,
        "model": "ussd.session",
        "fields": {
            "connection": 92193,
            "submissions": [],
            "transaction_id": "210223946"
        }
    },
    {
        "pk": 102,
        "model": "ussd.session",
        "fields": {
            "connection": 92193,
            "submissions": [],
            "transaction_id": "210227419"
        }
    },
    {
        "pk": 103,
        "model": "ussd.session",
        "fields": {
            "connection": 92194,
            "submissions": [],
            "transaction_id": "210206433"
        }
    },
    {
        "pk": 104,
        "model": "ussd.session",
        "fields": {
            "connection": 92195,
            "submissions": [],
            "transaction_id": "220233823"
        }
    },
    {
        "pk": 105,
        "model": "ussd.session",
        "fields": {
            "connection": 92196,
            "submissions": [],
            "transaction_id": "90213087"
        }
    },
    {
        "pk": 106,
        "model": "ussd.session",
        "fields": {
            "connection": 92197,
            "submissions": [],
            "transaction_id": "90221142"
        }
    },
    {
        "pk": 107,
        "model": "ussd.session",
        "fields": {
            "connection": 92197,
            "submissions": [],
            "transaction_id": "90242026"
        }
    },
    {
        "pk": 108,
        "model": "ussd.session",
        "fields": {
            "connection": 92198,
            "submissions": [],
            "transaction_id": "100252237"
        }
    },
    {
        "pk": 109,
        "model": "ussd.session",
        "fields": {
            "connection": 92198,
            "submissions": [],
            "transaction_id": "100244074"
        }
    },
    {
        "pk": 110,
        "model": "ussd.session",
        "fields": {
            "connection": 92198,
            "submissions": [],
            "transaction_id": "100229789"
        }
    },
    {
        "pk": 111,
        "model": "ussd.session",
        "fields": {
            "connection": 92198,
            "submissions": [],
            "transaction_id": "100213505"
        }
    },
    {
        "pk": 112,
        "model": "ussd.session",
        "fields": {
            "connection": 92198,
            "submissions": [],
            "transaction_id": "100203789"
        }
    },
    {
        "pk": 113,
        "model": "ussd.session",
        "fields": {
            "connection": 92199,
            "submissions": [],
            "transaction_id": "110210191"
        }
    },
    {
        "pk": 114,
        "model": "ussd.session",
        "fields": {
            "connection": 92200,
            "submissions": [],
            "transaction_id": "130259524"
        }
    },
    {
        "pk": 115,
        "model": "ussd.session",
        "fields": {
            "connection": 92201,
            "submissions": [],
            "transaction_id": "130245841"
        }
    },
    {
        "pk": 116,
        "model": "ussd.session",
        "fields": {
            "connection": 92200,
            "submissions": [],
            "transaction_id": "130252033"
        }
    },
    {
        "pk": 117,
        "model": "ussd.session",
        "fields": {
            "connection": 92200,
            "submissions": [],
            "transaction_id": "130205513"
        }
    },
    {
        "pk": 118,
        "model": "ussd.session",
        "fields": {
            "connection": 92202,
            "submissions": [],
            "transaction_id": "140253187"
        }
    },
    {
        "pk": 119,
        "model": "ussd.session",
        "fields": {
            "connection": 92203,
            "submissions": [],
            "transaction_id": "140229517"
        }
    },
    {
        "pk": 120,
        "model": "ussd.session",
        "fields": {
            "connection": 92204,
            "submissions": [],
            "transaction_id": "170226517"
        }
    },
    {
        "pk": 121,
        "model": "ussd.session",
        "fields": {
            "connection": 92182,
            "submissions": [],
            "transaction_id": "170248134"
        }
    },
    {
        "pk": 122,
        "model": "ussd.session",
        "fields": {
            "connection": 92194,
            "submissions": [],
            "transaction_id": "190200775"
        }
    },
    {
        "pk": 123,
        "model": "ussd.session",
        "fields": {
            "connection": 92197,
            "submissions": [],
            "transaction_id": "190221392"
        }
    },
    {
        "pk": 124,
        "model": "ussd.session",
        "fields": {
            "connection": 92197,
            "submissions": [],
            "transaction_id": "190248861"
        }
    },
    {
        "pk": 125,
        "model": "ussd.session",
        "fields": {
            "connection": 92197,
            "submissions": [],
            "transaction_id": "190241569"
        }
    },
    {
        "pk": 126,
        "model": "ussd.session",
        "fields": {
            "connection": 92197,
            "submissions": [],
            "transaction_id": "190240913"
        }
    },
    {
        "pk": 127,
        "model": "ussd.session",
        "fields": {
            "connection": 92205,
            "submissions": [],
            "transaction_id": "200228171"
        }
    },
    {
        "pk": 128,
        "model": "ussd.session",
        "fields": {
            "connection": 92205,
            "submissions": [],
            "transaction_id": "200227754"
        }
    },
    {
        "pk": 129,
        "model": "ussd.session",
        "fields": {
            "connection": 92205,
            "submissions": [],
            "transaction_id": "200226957"
        }
    },
    {
        "pk": 130,
        "model": "ussd.session",
        "fields": {
            "connection": 92205,
            "submissions": [],
            "transaction_id": "200236022"
        }
    },
    {
        "pk": 131,
        "model": "ussd.session",
        "fields": {
            "connection": 92206,
            "submissions": [],
            "transaction_id": "210214371"
        }
    },
    {
        "pk": 132,
        "model": "ussd.session",
        "fields": {
            "connection": 92206,
            "submissions": [],
            "transaction_id": "210202520"
        }
    },
    {
        "pk": 133,
        "model": "ussd.session",
        "fields": {
            "connection": 92207,
            "submissions": [],
            "transaction_id": "210208086"
        }
    },
    {
        "pk": 134,
        "model": "ussd.session",
        "fields": {
            "connection": 92208,
            "submissions": [],
            "transaction_id": "220218506"
        }
    },
    {
        "pk": 135,
        "model": "ussd.session",
        "fields": {
            "connection": 92208,
            "submissions": [],
            "transaction_id": "220210102"
        }
    },
    {
        "pk": 136,
        "model": "ussd.session",
        "fields": {
            "connection": 92208,
            "submissions": [],
            "transaction_id": "220231136"
        }
    },
    {
        "pk": 137,
        "model": "ussd.session",
        "fields": {
            "connection": 92209,
            "submissions": [],
            "transaction_id": "220226105"
        }
    },
    {
        "pk": 138,
        "model": "ussd.session",
        "fields": {
            "connection": 92210,
            "submissions": [],
            "transaction_id": "230255971"
        }
    },
    {
        "pk": 139,
        "model": "ussd.session",
        "fields": {
            "connection": 92210,
            "submissions": [],
            "transaction_id": "230254064"
        }
    },
    {
        "pk": 140,
        "model": "ussd.session",
        "fields": {
            "connection": 92211,
            "submissions": [],
            "transaction_id": "70228093"
        }
    },
    {
        "pk": 141,
        "model": "ussd.session",
        "fields": {
            "connection": 92212,
            "submissions": [],
            "transaction_id": "70238207"
        }
    },
    {
        "pk": 142,
        "model": "ussd.session",
        "fields": {
            "connection": 92213,
            "submissions": [],
            "transaction_id": "80241994"
        }
    },
    {
        "pk": 143,
        "model": "ussd.session",
        "fields": {
            "connection": 92213,
            "submissions": [],
            "transaction_id": "80222448"
        }
    },
    {
        "pk": 144,
        "model": "ussd.session",
        "fields": {
            "connection": 92213,
            "submissions": [],
            "transaction_id": "90215758"
        }
    },
    {
        "pk": 145,
        "model": "ussd.session",
        "fields": {
            "connection": 92213,
            "submissions": [],
            "transaction_id": "90233726"
        }
    },
    {
        "pk": 146,
        "model": "ussd.session",
        "fields": {
            "connection": 92214,
            "submissions": [],
            "transaction_id": "90204953"
        }
    },
    {
        "pk": 147,
        "model": "ussd.session",
        "fields": {
            "connection": 45010,
            "submissions": [],
            "transaction_id": "90242936"
        }
    },
    {
        "pk": 148,
        "model": "ussd.session",
        "fields": {
            "connection": 92171,
            "submissions": [],
            "transaction_id": "100215743"
        }
    },
    {
        "pk": 149,
        "model": "ussd.session",
        "fields": {
            "connection": 92171,
            "submissions": [],
            "transaction_id": "100253245"
        }
    },
    {
        "pk": 150,
        "model": "ussd.session",
        "fields": {
            "connection": 92210,
            "submissions": [],
            "transaction_id": "160220098"
        }
    },
    {
        "pk": 151,
        "model": "ussd.session",
        "fields": {
            "connection": 92215,
            "submissions": [],
            "transaction_id": "180241825"
        }
    },
    {
        "pk": 152,
        "model": "ussd.session",
        "fields": {
            "connection": 92215,
            "submissions": [],
            "transaction_id": "180208360"
        }
    },
    {
        "pk": 153,
        "model": "ussd.session",
        "fields": {
            "connection": 92200,
            "submissions": [],
            "transaction_id": "180228176"
        }
    },
    {
        "pk": 154,
        "model": "ussd.session",
        "fields": {
            "connection": 92216,
            "submissions": [],
            "transaction_id": "210242088"
        }
    },
    {
        "pk": 155,
        "model": "ussd.session",
        "fields": {
            "connection": 92216,
            "submissions": [],
            "transaction_id": "210227151"
        }
    },
    {
        "pk": 156,
        "model": "ussd.session",
        "fields": {
            "connection": 92216,
            "submissions": [],
            "transaction_id": "210208067"
        }
    },
    {
        "pk": 157,
        "model": "ussd.session",
        "fields": {
            "connection": 92217,
            "submissions": [],
            "transaction_id": "220200516"
        }
    },
    {
        "pk": 158,
        "model": "ussd.session",
        "fields": {
            "connection": 92218,
            "submissions": [],
            "transaction_id": "220242302"
        }
    },
    {
        "pk": 159,
        "model": "ussd.session",
        "fields": {
            "connection": 83333,
            "submissions": [],
            "transaction_id": "256981"
        }
    },
    {
        "pk": 160,
        "model": "ussd.session",
        "fields": {
            "connection": 92170,
            "submissions": [],
            "transaction_id": "90237193"
        }
    },
    {
        "pk": 161,
        "model": "ussd.session",
        "fields": {
            "connection": 92170,
            "submissions": [],
            "transaction_id": "90257575"
        }
    },
    {
        "pk": 162,
        "model": "ussd.session",
        "fields": {
            "connection": 92219,
            "submissions": [],
            "transaction_id": "100252990"
        }
    },
    {
        "pk": 163,
        "model": "ussd.session",
        "fields": {
            "connection": 92219,
            "submissions": [],
            "transaction_id": "100208938"
        }
    },
    {
        "pk": 164,
        "model": "ussd.session",
        "fields": {
            "connection": 92219,
            "submissions": [],
            "transaction_id": "100248421"
        }
    },
    {
        "pk": 165,
        "model": "ussd.session",
        "fields": {
            "connection": 92170,
            "submissions": [],
            "transaction_id": "110222250"
        }
    },
    {
        "pk": 166,
        "model": "ussd.session",
        "fields": {
            "connection": 92220,
            "submissions": [],
            "transaction_id": "130247026"
        }
    },
    {
        "pk": 167,
        "model": "ussd.session",
        "fields": {
            "connection": 61781,
            "submissions": [],
            "transaction_id": "130219595"
        }
    },
    {
        "pk": 168,
        "model": "ussd.session",
        "fields": {
            "connection": 92216,
            "submissions": [],
            "transaction_id": "130228636"
        }
    },
    {
        "pk": 169,
        "model": "ussd.session",
        "fields": {
            "connection": 92221,
            "submissions": [],
            "transaction_id": "160257376"
        }
    },
    {
        "pk": 170,
        "model": "ussd.session",
        "fields": {
            "connection": 92221,
            "submissions": [],
            "transaction_id": "160225056"
        }
    },
    {
        "pk": 171,
        "model": "ussd.session",
        "fields": {
            "connection": 92221,
            "submissions": [],
            "transaction_id": "160243950"
        }
    },
    {
        "pk": 172,
        "model": "ussd.session",
        "fields": {
            "connection": 92221,
            "submissions": [],
            "transaction_id": "160234204"
        }
    },
    {
        "pk": 173,
        "model": "ussd.session",
        "fields": {
            "connection": 92221,
            "submissions": [],
            "transaction_id": "160252354"
        }
    },
    {
        "pk": 174,
        "model": "ussd.session",
        "fields": {
            "connection": 92170,
            "submissions": [],
            "transaction_id": "160222882"
        }
    },
    {
        "pk": 175,
        "model": "ussd.session",
        "fields": {
            "connection": 92170,
            "submissions": [],
            "transaction_id": "170242140"
        }
    },
    {
        "pk": 176,
        "model": "ussd.session",
        "fields": {
            "connection": 92170,
            "submissions": [],
            "transaction_id": "170220199"
        }
    },
    {
        "pk": 177,
        "model": "ussd.session",
        "fields": {
            "connection": 92170,
            "submissions": [],
            "transaction_id": "170243285"
        }
    },
    {
        "pk": 178,
        "model": "ussd.session",
        "fields": {
            "connection": 92170,
            "submissions": [],
            "transaction_id": "170244303"
        }
    },
    {
        "pk": 179,
        "model": "ussd.session",
        "fields": {
            "connection": 92170,
            "submissions": [],
            "transaction_id": "170219304"
        }
    },
    {
        "pk": 180,
        "model": "ussd.session",
        "fields": {
            "connection": 92170,
            "submissions": [],
            "transaction_id": "170242724"
        }
    },
    {
        "pk": 181,
        "model": "ussd.session",
        "fields": {
            "connection": 92170,
            "submissions": [],
            "transaction_id": "170225951"
        }
    },
    {
        "pk": 182,
        "model": "ussd.session",
        "fields": {
            "connection": 92170,
            "submissions": [],
            "transaction_id": "170227758"
        }
    },
    {
        "pk": 183,
        "model": "ussd.session",
        "fields": {
            "connection": 92170,
            "submissions": [],
            "transaction_id": "170206892"
        }
    },
    {
        "pk": 184,
        "model": "ussd.session",
        "fields": {
            "connection": 92170,
            "submissions": [],
            "transaction_id": "170231538"
        }
    },
    {
        "pk": 185,
        "model": "ussd.session",
        "fields": {
            "connection": 92170,
            "submissions": [],
            "transaction_id": "170243659"
        }
    },
    {
        "pk": 186,
        "model": "ussd.session",
        "fields": {
            "connection": 92170,
            "submissions": [],
            "transaction_id": "170246714"
        }
    },
    {
        "pk": 187,
        "model": "ussd.session",
        "fields": {
            "connection": 92170,
            "submissions": [],
            "transaction_id": "170222576"
        }
    },
    {
        "pk": 188,
        "model": "ussd.session",
        "fields": {
            "connection": 92222,
            "submissions": [],
            "transaction_id": "170237353"
        }
    },
    {
        "pk": 189,
        "model": "ussd.session",
        "fields": {
            "connection": 92170,
            "submissions": [],
            "transaction_id": "170237854"
        }
    },
    {
        "pk": 190,
        "model": "ussd.session",
        "fields": {
            "connection": 92170,
            "submissions": [],
            "transaction_id": "170222238"
        }
    },
    {
        "pk": 191,
        "model": "ussd.session",
        "fields": {
            "connection": 61781,
            "submissions": [],
            "transaction_id": "170227644"
        }
    },
    {
        "pk": 192,
        "model": "ussd.session",
        "fields": {
            "connection": 61781,
            "submissions": [],
            "transaction_id": "170218244"
        }
    },
    {
        "pk": 193,
        "model": "ussd.session",
        "fields": {
            "connection": 61781,
            "submissions": [],
            "transaction_id": "170248230"
        }
    },
    {
        "pk": 194,
        "model": "ussd.session",
        "fields": {
            "connection": 61781,
            "submissions": [],
            "transaction_id": "170236204"
        }
    },
    {
        "pk": 195,
        "model": "ussd.session",
        "fields": {
            "connection": 61781,
            "submissions": [],
            "transaction_id": "170203070"
        }
    },
    {
        "pk": 196,
        "model": "ussd.session",
        "fields": {
            "connection": 61781,
            "submissions": [],
            "transaction_id": "170243336"
        }
    },
    {
        "pk": 197,
        "model": "ussd.session",
        "fields": {
            "connection": 92223,
            "submissions": [],
            "transaction_id": "170223593"
        }
    },
    {
        "pk": 198,
        "model": "ussd.session",
        "fields": {
            "connection": 61781,
            "submissions": [],
            "transaction_id": "170222304"
        }
    },
    {
        "pk": 199,
        "model": "ussd.session",
        "fields": {
            "connection": 61781,
            "submissions": [],
            "transaction_id": "170232526"
        }
    },
    {
        "pk": 200,
        "model": "ussd.session",
        "fields": {
            "connection": 61781,
            "submissions": [],
            "transaction_id": "170210511"
        }
    },
    {
        "pk": 201,
        "model": "ussd.session",
        "fields": {
            "connection": 92224,
            "submissions": [],
            "transaction_id": "180256990"
        }
    },
    {
        "pk": 202,
        "model": "ussd.session",
        "fields": {
            "connection": 92225,
            "submissions": [],
            "transaction_id": "210242839"
        }
    },
    {
        "pk": 203,
        "model": "ussd.session",
        "fields": {
            "connection": 92226,
            "submissions": [],
            "transaction_id": "210259042"
        }
    },
    {
        "pk": 204,
        "model": "ussd.session",
        "fields": {
            "connection": 92225,
            "submissions": [],
            "transaction_id": "210212613"
        }
    },
    {
        "pk": 205,
        "model": "ussd.session",
        "fields": {
            "connection": 92226,
            "submissions": [],
            "transaction_id": "210213072"
        }
    },
    {
        "pk": 206,
        "model": "ussd.session",
        "fields": {
            "connection": 92219,
            "submissions": [],
            "transaction_id": "220219103"
        }
    },
    {
        "pk": 207,
        "model": "ussd.session",
        "fields": {
            "connection": 92181,
            "submissions": [],
            "transaction_id": "220202616"
        }
    },
    {
        "pk": 208,
        "model": "ussd.session",
        "fields": {
            "connection": 92181,
            "submissions": [],
            "transaction_id": "220259379"
        }
    },
    {
        "pk": 209,
        "model": "ussd.session",
        "fields": {
            "connection": 92181,
            "submissions": [],
            "transaction_id": "220230315"
        }
    },
    {
        "pk": 210,
        "model": "ussd.session",
        "fields": {
            "connection": 92181,
            "submissions": [],
            "transaction_id": "220227127"
        }
    },
    {
        "pk": 211,
        "model": "ussd.session",
        "fields": {
            "connection": 92226,
            "submissions": [],
            "transaction_id": "220249683"
        }
    },
    {
        "pk": 212,
        "model": "ussd.session",
        "fields": {
            "connection": 92226,
            "submissions": [],
            "transaction_id": "220236939"
        }
    },
    {
        "pk": 213,
        "model": "ussd.session",
        "fields": {
            "connection": 92181,
            "submissions": [],
            "transaction_id": "220253398"
        }
    },
    {
        "pk": 214,
        "model": "ussd.session",
        "fields": {
            "connection": 92226,
            "submissions": [],
            "transaction_id": "220203707"
        }
    },
    {
        "pk": 215,
        "model": "ussd.session",
        "fields": {
            "connection": 92181,
            "submissions": [],
            "transaction_id": "220208873"
        }
    },
    {
        "pk": 216,
        "model": "ussd.session",
        "fields": {
            "connection": 92181,
            "submissions": [],
            "transaction_id": "220215064"
        }
    },
    {
        "pk": 217,
        "model": "ussd.session",
        "fields": {
            "connection": 92181,
            "submissions": [],
            "transaction_id": "220221216"
        }
    },
    {
        "pk": 218,
        "model": "ussd.session",
        "fields": {
            "connection": 92181,
            "submissions": [],
            "transaction_id": "220227405"
        }
    },
    {
        "pk": 219,
        "model": "ussd.session",
        "fields": {
            "connection": 92226,
            "submissions": [],
            "transaction_id": "220228431"
        }
    },
    {
        "pk": 220,
        "model": "ussd.session",
        "fields": {
            "connection": 92181,
            "submissions": [],
            "transaction_id": "220243828"
        }
    },
    {
        "pk": 221,
        "model": "ussd.session",
        "fields": {
            "connection": 92181,
            "submissions": [],
            "transaction_id": "220249996"
        }
    },
    {
        "pk": 222,
        "model": "ussd.session",
        "fields": {
            "connection": 92181,
            "submissions": [],
            "transaction_id": "220215765"
        }
    },
    {
        "pk": 223,
        "model": "ussd.session",
        "fields": {
            "connection": 92181,
            "submissions": [],
            "transaction_id": "220221941"
        }
    },
    {
        "pk": 224,
        "model": "ussd.session",
        "fields": {
            "connection": 92181,
            "submissions": [],
            "transaction_id": "220232264"
        }
    },
    {
        "pk": 225,
        "model": "ussd.session",
        "fields": {
            "connection": 92181,
            "submissions": [],
            "transaction_id": "220241573"
        }
    },
    {
        "pk": 226,
        "model": "ussd.session",
        "fields": {
            "connection": 92181,
            "submissions": [],
            "transaction_id": "220249779"
        }
    },
    {
        "pk": 227,
        "model": "ussd.session",
        "fields": {
            "connection": 92181,
            "submissions": [],
            "transaction_id": "220256020"
        }
    },
    {
        "pk": 228,
        "model": "ussd.session",
        "fields": {
            "connection": 92181,
            "submissions": [],
            "transaction_id": "220202207"
        }
    },
    {
        "pk": 229,
        "model": "ussd.session",
        "fields": {
            "connection": 92181,
            "submissions": [],
            "transaction_id": "220207346"
        }
    },
    {
        "pk": 230,
        "model": "ussd.session",
        "fields": {
            "connection": 92181,
            "submissions": [],
            "transaction_id": "220214565"
        }
    },
    {
        "pk": 231,
        "model": "ussd.session",
        "fields": {
            "connection": 92181,
            "submissions": [],
            "transaction_id": "220227941"
        }
    },
    {
        "pk": 232,
        "model": "ussd.session",
        "fields": {
            "connection": 92181,
            "submissions": [],
            "transaction_id": "220233131"
        }
    },
    {
        "pk": 233,
        "model": "ussd.session",
        "fields": {
            "connection": 92181,
            "submissions": [],
            "transaction_id": "220212212"
        }
    },
    {
        "pk": 234,
        "model": "ussd.session",
        "fields": {
            "connection": 92181,
            "submissions": [],
            "transaction_id": "220259528"
        }
    },
    {
        "pk": 235,
        "model": "ussd.session",
        "fields": {
            "connection": 92181,
            "submissions": [],
            "transaction_id": "220240670"
        }
    },
    {
        "pk": 236,
        "model": "ussd.session",
        "fields": {
            "connection": 92181,
            "submissions": [],
            "transaction_id": "220216658"
        }
    },
    {
        "pk": 237,
        "model": "ussd.session",
        "fields": {
            "connection": 92181,
            "submissions": [],
            "transaction_id": "220205020"
        }
    },
    {
        "pk": 238,
        "model": "ussd.session",
        "fields": {
            "connection": 92181,
            "submissions": [],
            "transaction_id": "220203619"
        }
    },
    {
        "pk": 239,
        "model": "ussd.session",
        "fields": {
            "connection": 92181,
            "submissions": [],
            "transaction_id": "220238510"
        }
    },
    {
        "pk": 240,
        "model": "ussd.session",
        "fields": {
            "connection": 92181,
            "submissions": [7389],
            "transaction_id": "220202093"
        }
    },
    {
        "pk": 241,
        "model": "ussd.session",
        "fields": {
            "connection": 92181,
            "submissions": [],
            "transaction_id": "220204169"
        }
    },
    {
        "pk": 242,
        "model": "ussd.session",
        "fields": {
            "connection": 92181,
            "submissions": [],
            "transaction_id": "220206390"
        }
    },
    {
        "pk": 243,
        "model": "ussd.session",
        "fields": {
            "connection": 92181,
            "submissions": [],
            "transaction_id": "220211637"
        }
    },
    {
        "pk": 244,
        "model": "ussd.session",
        "fields": {
            "connection": 92181,
            "submissions": [],
            "transaction_id": "220259963"
        }
    },
    {
        "pk": 245,
        "model": "ussd.session",
        "fields": {
            "connection": 92181,
            "submissions": [],
            "transaction_id": "220225995"
        }
    },
    {
        "pk": 246,
        "model": "ussd.session",
        "fields": {
            "connection": 92181,
            "submissions": [],
            "transaction_id": "220250715"
        }
    },
    {
        "pk": 247,
        "model": "ussd.session",
        "fields": {
            "connection": 92181,
            "submissions": [],
            "transaction_id": "220205628"
        }
    },
    {
        "pk": 248,
        "model": "ussd.session",
        "fields": {
            "connection": 92181,
            "submissions": [],
            "transaction_id": "230222454"
        }
    },
    {
        "pk": 249,
        "model": "ussd.session",
        "fields": {
            "connection": 92181,
            "submissions": [],
            "transaction_id": "230232619"
        }
    },
    {
        "pk": 250,
        "model": "ussd.session",
        "fields": {
            "connection": 92181,
            "submissions": [],
            "transaction_id": "230205132"
        }
    },
    {
        "pk": 251,
        "model": "ussd.session",
        "fields": {
            "connection": 92175,
            "submissions": [],
            "transaction_id": "230236829"
        }
    },
    {
        "pk": 252,
        "model": "ussd.session",
        "fields": {
            "connection": 92181,
            "submissions": [],
            "transaction_id": "230203159"
        }
    },
    {
        "pk": 253,
        "model": "ussd.session",
        "fields": {
            "connection": 92181,
            "submissions": [],
            "transaction_id": "230218111"
        }
    },
    {
        "pk": 254,
        "model": "ussd.session",
        "fields": {
            "connection": 92181,
            "submissions": [],
            "transaction_id": "230246430"
        }
    },
    {
        "pk": 255,
        "model": "ussd.session",
        "fields": {
            "connection": 92181,
            "submissions": [],
            "transaction_id": "230233010"
        }
    },
    {
        "pk": 256,
        "model": "ussd.session",
        "fields": {
            "connection": 92181,
            "submissions": [],
            "transaction_id": "230211433"
        }
    },
    {
        "pk": 257,
        "model": "ussd.session",
        "fields": {
            "connection": 92181,
            "submissions": [],
            "transaction_id": "230238072"
        }
    },
    {
        "pk": 258,
        "model": "ussd.session",
        "fields": {
            "connection": 92181,
            "submissions": [],
            "transaction_id": "230205334"
        }
    },
    {
        "pk": 259,
        "model": "ussd.session",
        "fields": {
            "connection": 92181,
            "submissions": [],
            "transaction_id": "230240672"
        }
    },
    {
        "pk": 260,
        "model": "ussd.session",
        "fields": {
            "connection": 92214,
            "submissions": [],
            "transaction_id": "230247283"
        }
    },
    {
        "pk": 261,
        "model": "ussd.session",
        "fields": {
            "connection": 92213,
            "submissions": [],
            "transaction_id": "10205085"
        }
    },
    {
        "pk": 262,
        "model": "ussd.session",
        "fields": {
            "connection": 92170,
            "submissions": [],
            "transaction_id": "90244652"
        }
    },
    {
        "pk": 263,
        "model": "ussd.session",
        "fields": {
            "connection": 92170,
            "submissions": [],
            "transaction_id": "90245747"
        }
    },
    {
        "pk": 264,
        "model": "ussd.session",
        "fields": {
            "connection": 92170,
            "submissions": [],
            "transaction_id": "90227731"
        }
    },
    {
        "pk": 265,
        "model": "ussd.session",
        "fields": {
            "connection": 92170,
            "submissions": [],
            "transaction_id": "90213854"
        }
    },
    {
        "pk": 266,
        "model": "ussd.session",
        "fields": {
            "connection": 61781,
            "submissions": [],
            "transaction_id": "90207752"
        }
    },
    {
        "pk": 267,
        "model": "ussd.session",
        "fields": {
            "connection": 92170,
            "submissions": [],
            "transaction_id": "90229693"
        }
    },
    {
        "pk": 268,
        "model": "ussd.session",
        "fields": {
            "connection": 92170,
            "submissions": [7403],
            "transaction_id": "90224948"
        }
    },
    {
        "pk": 269,
        "model": "ussd.session",
        "fields": {
            "connection": 92170,
            "submissions": [7407],
            "transaction_id": "90207986"
        }
    },
    {
        "pk": 270,
        "model": "ussd.session",
        "fields": {
            "connection": 92170,
            "submissions": [],
            "transaction_id": "90215527"
        }
    },
    {
        "pk": 271,
        "model": "ussd.session",
        "fields": {
            "connection": 92170,
            "submissions": [7404],
            "transaction_id": "90228192"
        }
    },
    {
        "pk": 272,
        "model": "ussd.session",
        "fields": {
            "connection": 92170,
            "submissions": [7405],
            "transaction_id": "90206061"
        }
    },
    {
        "pk": 273,
        "model": "ussd.session",
        "fields": {
            "connection": 92170,
            "submissions": [7406],
            "transaction_id": "90229873"
        }
    },
    {
        "pk": 274,
        "model": "ussd.session",
        "fields": {
            "connection": 92170,
            "submissions": [7408],
            "transaction_id": "90250821"
        }
    },
    {
        "pk": 275,
        "model": "ussd.session",
        "fields": {
            "connection": 92170,
            "submissions": [7409],
            "transaction_id": "90257078"
        }
    },
    {
        "pk": 276,
        "model": "ussd.session",
        "fields": {
            "connection": 92170,
            "submissions": [],
            "transaction_id": "100228339"
        }
    },
    {
        "pk": 277,
        "model": "ussd.session",
        "fields": {
            "connection": 92170,
            "submissions": [7410],
            "transaction_id": "100221105"
        }
    },
    {
        "pk": 278,
        "model": "ussd.session",
        "fields": {
            "connection": 92170,
            "submissions": [],
            "transaction_id": "100213843"
        }
    },
    {
        "pk": 279,
        "model": "ussd.session",
        "fields": {
            "connection": 92170,
            "submissions": [7411],
            "transaction_id": "100207160"
        }
    },
    {
        "pk": 280,
        "model": "ussd.session",
        "fields": {
            "connection": 92170,
            "submissions": [7412],
            "transaction_id": "100204190"
        }
    },
    {
        "pk": 281,
        "model": "ussd.session",
        "fields": {
            "connection": 92170,
            "submissions": [],
            "transaction_id": "100211906"
        }
    },
    {
        "pk": 282,
        "model": "ussd.session",
        "fields": {
            "connection": 92170,
            "submissions": [],
            "transaction_id": "100255542"
        }
    },
    {
        "pk": 283,
        "model": "ussd.session",
        "fields": {
            "connection": 92227,
            "submissions": [],
            "transaction_id": "120231614"
        }
    },
    {
        "pk": 284,
        "model": "ussd.session",
        "fields": {
            "connection": 92227,
            "submissions": [7413],
            "transaction_id": "120208183"
        }
    },
    {
        "pk": 285,
        "model": "ussd.session",
        "fields": {
            "connection": 92185,
            "submissions": [],
            "transaction_id": "120241181"
        }
    },
    {
        "pk": 286,
        "model": "ussd.session",
        "fields": {
            "connection": 92185,
            "submissions": [7414],
            "transaction_id": "120240947"
        }
    },
    {
        "pk": 287,
        "model": "ussd.session",
        "fields": {
            "connection": 92185,
            "submissions": [],
            "transaction_id": "120250223"
        }
    },
    {
        "pk": 288,
        "model": "ussd.session",
        "fields": {
            "connection": 61781,
            "submissions": [],
            "transaction_id": "120222083"
        }
    },
    {
        "pk": 289,
        "model": "ussd.session",
        "fields": {
            "connection": 61781,
            "submissions": [],
            "transaction_id": "120255601"
        }
    },
    {
        "pk": 290,
        "model": "ussd.session",
        "fields": {
            "connection": 92185,
            "submissions": [],
            "transaction_id": "120201774"
        }
    },
    {
        "pk": 291,
        "model": "ussd.session",
        "fields": {
            "connection": 92185,
            "submissions": [7415],
            "transaction_id": "120243559"
        }
    },
    {
        "pk": 292,
        "model": "ussd.session",
        "fields": {
            "connection": 92228,
            "submissions": [],
            "transaction_id": "120229530"
        }
    },
    {
        "pk": 293,
        "model": "ussd.session",
        "fields": {
            "connection": 92228,
            "submissions": [],
            "transaction_id": "120225953"
        }
    },
    {
        "pk": 294,
        "model": "ussd.session",
        "fields": {
            "connection": 92229,
            "submissions": [],
            "transaction_id": "130202474"
        }
    },
    {
        "pk": 295,
        "model": "ussd.session",
        "fields": {
            "connection": 92229,
            "submissions": [7416],
            "transaction_id": "130203156"
        }
    },
    {
        "pk": 296,
        "model": "ussd.session",
        "fields": {
            "connection": 92230,
            "submissions": [],
            "transaction_id": "140240237"
        }
    },
    {
        "pk": 297,
        "model": "ussd.session",
        "fields": {
            "connection": 92230,
            "submissions": [],
            "transaction_id": "140220010"
        }
    },
    {
        "pk": 298,
        "model": "ussd.session",
        "fields": {
            "connection": 92230,
            "submissions": [],
            "transaction_id": "140248803"
        }
    },
    {
        "pk": 299,
        "model": "ussd.session",
        "fields": {
            "connection": 92230,
            "submissions": [],
            "transaction_id": "140229915"
        }
    },
    {
        "pk": 300,
        "model": "ussd.session",
        "fields": {
            "connection": 92230,
            "submissions": [7417],
            "transaction_id": "140205870"
        }
    },
    {
        "pk": 301,
        "model": "ussd.session",
        "fields": {
            "connection": 92231,
            "submissions": [],
            "transaction_id": "140223390"
        }
    },
    {
        "pk": 302,
        "model": "ussd.session",
        "fields": {
            "connection": 92230,
            "submissions": [],
            "transaction_id": "150234898"
        }
    },
    {
        "pk": 303,
        "model": "ussd.session",
        "fields": {
            "connection": 92230,
            "submissions": [],
            "transaction_id": "150259552"
        }
    },
    {
        "pk": 304,
        "model": "ussd.session",
        "fields": {
            "connection": 92230,
            "submissions": [],
            "transaction_id": "150220806"
        }
    },
    {
        "pk": 305,
        "model": "ussd.session",
        "fields": {
            "connection": 92230,
            "submissions": [],
            "transaction_id": "150219802"
        }
    },
    {
        "pk": 306,
        "model": "ussd.session",
        "fields": {
            "connection": 71870,
            "submissions": [],
            "transaction_id": "160204144"
        }
    },
    {
        "pk": 307,
        "model": "ussd.session",
        "fields": {
            "connection": 71870,
            "submissions": [],
            "transaction_id": "160223214"
        }
    },
    {
        "pk": 308,
        "model": "ussd.session",
        "fields": {
            "connection": 92232,
            "submissions": [7418],
            "transaction_id": "170237059"
        }
    },
    {
        "pk": 309,
        "model": "ussd.session",
        "fields": {
            "connection": 92232,
            "submissions": [],
            "transaction_id": "170244529"
        }
    },
    {
        "pk": 310,
        "model": "ussd.session",
        "fields": {
            "connection": 71870,
            "submissions": [],
            "transaction_id": "170213611"
        }
    },
    {
        "pk": 311,
        "model": "ussd.session",
        "fields": {
            "connection": 92232,
            "submissions": [],
            "transaction_id": "170253359"
        }
    },
    {
        "pk": 312,
        "model": "ussd.session",
        "fields": {
            "connection": 92233,
            "submissions": [],
            "transaction_id": "200229947"
        }
    },
    {
        "pk": 313,
        "model": "ussd.session",
        "fields": {
            "connection": 60907,
            "submissions": [7419],
            "transaction_id": "220257486"
        }
    },
    {
        "pk": 314,
        "model": "ussd.session",
        "fields": {
            "connection": 60907,
            "submissions": [],
            "transaction_id": "220236473"
        }
    },
    {
        "pk": 315,
        "model": "ussd.session",
        "fields": {
            "connection": 92234,
            "submissions": [7420],
            "transaction_id": "230205990"
        }
    },
    {
        "pk": 316,
        "model": "ussd.session",
        "fields": {
            "connection": 92235,
            "submissions": [],
            "transaction_id": "90255951"
        }
    },
    {
        "pk": 317,
        "model": "ussd.session",
        "fields": {
            "connection": 92239,
            "submissions": [],
            "transaction_id": "110236154"
        }
    },
    {
        "pk": 318,
        "model": "ussd.session",
        "fields": {
            "connection": 92170,
            "submissions": [],
            "transaction_id": "130215112"
        }
    },
    {
        "pk": 319,
        "model": "ussd.session",
        "fields": {
            "connection": 92170,
            "submissions": [7421],
            "transaction_id": "130202395"
        }
    },
    {
        "pk": 320,
        "model": "ussd.session",
        "fields": {
            "connection": 92170,
            "submissions": [],
            "transaction_id": "130204977"
        }
    },
    {
        "pk": 321,
        "model": "ussd.session",
        "fields": {
            "connection": 92170,
            "submissions": [],
            "transaction_id": "130200191"
        }
    },
    {
        "pk": 322,
        "model": "ussd.session",
        "fields": {
            "connection": 92170,
            "submissions": [7422],
            "transaction_id": "130216274"
        }
    },
    {
        "pk": 323,
        "model": "ussd.session",
        "fields": {
            "connection": 92185,
            "submissions": [],
            "transaction_id": "160219211"
        }
    },
    {
        "pk": 324,
        "model": "ussd.session",
        "fields": {
            "connection": 92185,
            "submissions": [],
            "transaction_id": "160253125"
        }
    },
    {
        "pk": 325,
        "model": "ussd.session",
        "fields": {
            "connection": 92185,
            "submissions": [],
            "transaction_id": "170217988"
        }
    },
    {
        "pk": 326,
        "model": "ussd.session",
        "fields": {
            "connection": 92185,
            "submissions": [],
            "transaction_id": "170242660"
        }
    },
    {
        "pk": 327,
        "model": "ussd.session",
        "fields": {
            "connection": 92240,
            "submissions": [],
            "transaction_id": "170249057"
        }
    },
    {
        "pk": 328,
        "model": "ussd.session",
        "fields": {
            "connection": 92171,
            "submissions": [],
            "transaction_id": "200248303"
        }
    },
    {
        "pk": 329,
        "model": "ussd.session",
        "fields": {
            "connection": 92206,
            "submissions": [],
            "transaction_id": "200219256"
        }
    },
    {
        "pk": 330,
        "model": "ussd.session",
        "fields": {
            "connection": 92206,
            "submissions": [],
            "transaction_id": "200206993"
        }
    },
    {
        "pk": 331,
        "model": "ussd.session",
        "fields": {
            "connection": 92241,
            "submissions": [],
            "transaction_id": "200210449"
        }
    },
    {
        "pk": 332,
        "model": "ussd.session",
        "fields": {
            "connection": 92241,
            "submissions": [7423],
            "transaction_id": "200236481"
        }
    },
    {
        "pk": 333,
        "model": "ussd.session",
        "fields": {
            "connection": 92241,
            "submissions": [],
            "transaction_id": "200243952"
        }
    },
    {
        "pk": 334,
        "model": "ussd.session",
        "fields": {
            "connection": 92241,
            "submissions": [7424],
            "transaction_id": "200203435"
        }
    },
    {
        "pk": 335,
        "model": "ussd.session",
        "fields": {
            "connection": 92242,
            "submissions": [],
            "transaction_id": "210233458"
        }
    },
    {
        "pk": 336,
        "model": "ussd.session",
        "fields": {
            "connection": 92243,
            "submissions": [],
            "transaction_id": "210217055"
        }
    },
    {
        "pk": 337,
        "model": "ussd.session",
        "fields": {
            "connection": 92244,
            "submissions": [],
            "transaction_id": "210237602"
        }
    },
    {
        "pk": 338,
        "model": "ussd.session",
        "fields": {
            "connection": 92245,
            "submissions": [],
            "transaction_id": "220224432"
        }
    },
    {
        "pk": 339,
        "model": "ussd.session",
        "fields": {
            "connection": 9429,
            "submissions": [7425],
            "transaction_id": "20233952"
        }
    },
    {
        "pk": 340,
        "model": "ussd.session",
        "fields": {
            "connection": 9429,
            "submissions": [],
            "transaction_id": "20221065"
        }
    },
    {
        "pk": 341,
        "model": "ussd.session",
        "fields": {
            "connection": 9429,
            "submissions": [],
            "transaction_id": "20217198"
        }
    },
    {
        "pk": 342,
        "model": "ussd.session",
        "fields": {
            "connection": 61781,
            "submissions": [],
            "transaction_id": "90218298"
        }
    },
    {
        "pk": 343,
        "model": "ussd.session",
        "fields": {
            "connection": 61781,
            "submissions": [],
            "transaction_id": "90213354"
        }
    },
    {
        "pk": 344,
        "model": "ussd.session",
        "fields": {
            "connection": 92246,
            "submissions": [],
            "transaction_id": "100226119"
        }
    },
    {
        "pk": 345,
        "model": "ussd.session",
        "fields": {
            "connection": 92247,
            "submissions": [],
            "transaction_id": "110235091"
        }
    },
    {
        "pk": 575,
        "model": "ussd.navigation",
        "fields": {
            "date": "2012-02-20 23:15:49",
            "text": "1. This Week's Poll\n2. Poll Results\n3. Send Report",
            "screen": "ussd_root",
            "session": 249,
            "response": "1"
        }
    },
    {
        "pk": 576,
        "model": "ussd.navigation",
        "fields": {
            "date": "2012-02-20 23:16:01",
            "text": "6th Feb is day of zero tolerance to female circumcision.We know its illegal but is still practiced so is the culture more important than the law?YES or NO\r\n",
            "screen": "weekly_poll",
            "session": 249,
            "response": ""
        }
    },
    {
        "pk": 626,
        "model": "ussd.navigation",
        "fields": {
            "date": "2012-02-21 09:47:18",
            "text": "1. This Week's Poll\n2. Poll Results\n3. Send Report",
            "screen": "ussd_root",
            "session": 269,
            "response": "1"
        }
    },
    {
        "pk": 503,
        "model": "ussd.navigation",
        "fields": {
            "date": "2012-02-20 22:31:35",
            "text": "1. This Week's Poll\n3. Send Report",
            "screen": "ussd_root",
            "session": 206,
            "response": "1"
        }
    },
    {
        "pk": 504,
        "model": "ussd.navigation",
        "fields": {
            "date": "2012-02-20 22:31:44",
            "text": "6th Feb is day of zero tolerance to female circumcision.We know its illegal but is still practiced so is the culture more important than the law?YES or NO\r\n",
            "screen": "weekly_poll",
            "session": 206,
            "response": ""
        }
    },
    {
        "pk": 505,
        "model": "ussd.navigation",
        "fields": {
            "date": "2012-02-20 22:32:18",
            "text": "1. This Week's Poll\n3. Send Report",
            "screen": "ussd_root",
            "session": 207,
            "response": ""
        }
    },
    {
        "pk": 506,
        "model": "ussd.navigation",
        "fields": {
            "date": "2012-02-20 22:34:15",
            "text": "1. This Week's Poll\n2. Ignored\n3. Send Report",
            "screen": "ussd_root",
            "session": 208,
            "response": ""
        }
    },
    {
        "pk": 507,
        "model": "ussd.navigation",
        "fields": {
            "date": "2012-02-20 22:35:46",
            "text": "1. This Week's Poll\n2. Poll Results\n3. Send Report",
            "screen": "ussd_root",
            "session": 209,
            "response": "1"
        }
    },
    {
        "pk": 508,
        "model": "ussd.navigation",
        "fields": {
            "date": "2012-02-20 22:36:05",
            "text": "6th Feb is day of zero tolerance to female circumcision.We know its illegal but is still practiced so is the culture more important than the law?YES or NO\r\n",
            "screen": "weekly_poll",
            "session": 209,
            "response": ""
        }
    },
    {
        "pk": 594,
        "model": "ussd.navigation",
        "fields": {
            "date": "2012-02-20 23:46:16",
            "text": "1. This Week's Poll\n2. Poll Results\n3. Send Report",
            "screen": "ussd_root",
            "session": 257,
            "response": ""
        }
    },
    {
        "pk": 595,
        "model": "ussd.navigation",
        "fields": {
            "date": "2012-02-20 23:46:41",
            "text": "1. This Week's Poll\n2. Poll Results\n3. Send Report",
            "screen": "ussd_root",
            "session": 258,
            "response": ""
        }
    },
    {
        "pk": 542,
        "model": "ussd.navigation",
        "fields": {
            "date": "2012-02-20 22:46:28",
            "text": "1. 1FGM - Culture\n2. 2FGM Alert\n3. 3FGM - Awareness\n#. Back",
            "screen": "ussd_root3",
            "session": 235,
            "response": ""
        }
    },
    {
        "pk": 543,
        "model": "ussd.navigation",
        "fields": {
            "date": "2012-02-20 22:46:32",
            "text": "1. This Week's Poll\n2. Poll Results\n3. Send Report",
            "screen": "ussd_root",
            "session": 236,
            "response": "2"
        }
    },
    {
        "pk": 544,
        "model": "ussd.navigation",
        "fields": {
            "date": "2012-02-20 22:46:42",
            "text": "1. 1FGM - Culture\n2. 2FGM Alert\n3. 3FGM - Awareness\n#. Back",
            "screen": "ussd_root3",
            "session": 236,
            "response": "2"
        }
    },
    {
        "pk": 545,
        "model": "ussd.navigation",
        "fields": {
            "date": "2012-02-20 22:46:53",
            "text": "2. no:62% unknown:16% yes:21% \n#. Back",
            "screen": "res2",
            "session": 236,
            "response": ""
        }
    },
    {
        "pk": 546,
        "model": "ussd.navigation",
        "fields": {
            "date": "2012-02-20 22:47:21",
            "text": "1. This Week's Poll\n2. Poll Results\n3. Send Report",
            "screen": "ussd_root",
            "session": 237,
            "response": "*130*10#"
        }
    },
    {
        "pk": 547,
        "model": "ussd.navigation",
        "fields": {
            "date": "2012-02-20 22:47:52",
            "text": "Invalid Menu Option.\n1. This Week's Poll\n2. Poll Results\n3. Send Report",
            "screen": "ussd_root",
            "session": 237,
            "response": "*130*10#"
        }
    },
    {
        "pk": 548,
        "model": "ussd.navigation",
        "fields": {
            "date": "2012-02-20 22:47:55",
            "text": "Invalid Menu Option.\n1. This Week's Poll\n2. Poll Results\n3. Send Report",
            "screen": "ussd_root",
            "session": 237,
            "response": "1"
        }
    },
    {
        "pk": 549,
        "model": "ussd.navigation",
        "fields": {
            "date": "2012-02-20 22:48:11",
            "text": "6th Feb is day of zero tolerance to female circumcision.We know its illegal but is still practiced so is the culture more important than the law?YES or NO\r\n",
            "screen": "weekly_poll",
            "session": 237,
            "response": ""
        }
    },
    {
        "pk": 596,
        "model": "ussd.navigation",
        "fields": {
            "date": "2012-02-20 23:46:56",
            "text": "1. This Week's Poll\n2. Poll Results\n3. Send Report",
            "screen": "ussd_root",
            "session": 259,
            "response": "1"
        }
    },
    {
        "pk": 597,
        "model": "ussd.navigation",
        "fields": {
            "date": "2012-02-20 23:47:05",
            "text": "6th Feb is day of zero tolerance to female circumcision.We know its illegal but is still practiced so is the culture more important than the law?YES or NO\r\n",
            "screen": "weekly_poll",
            "session": 259,
            "response": ""
        }
    },
    {
        "pk": 572,
        "model": "ussd.navigation",
        "fields": {
            "date": "2012-02-20 23:14:38",
            "text": "1. This Week's Poll\n2. Poll Results\n3. Send Report",
            "screen": "ussd_root",
            "session": 248,
            "response": "1"
        }
    },
    {
        "pk": 573,
        "model": "ussd.navigation",
        "fields": {
            "date": "2012-02-20 23:14:48",
            "text": "6th Feb is day of zero tolerance to female circumcision.We know its illegal but is still practiced so is the culture more important than the law?YES or NO\r\n",
            "screen": "weekly_poll",
            "session": 248,
            "response": ""
        }
    },
    {
        "pk": 614,
        "model": "ussd.navigation",
        "fields": {
            "date": "2012-02-21 09:32:22",
            "text": "Invalid Menu Option.\n",
            "screen": "ussd_root2",
            "session": 1,
            "response": "1"
        }
    },
    {
        "pk": 623,
        "model": "ussd.navigation",
        "fields": {
            "date": "2012-02-21 09:46:38",
            "text": "1. This Week's Poll\n2. Poll Results\n3. Send Report",
            "screen": "ussd_root",
            "session": 268,
            "response": "1"
        }
    },
    {
        "pk": 736,
        "model": "ussd.navigation",
        "fields": {
            "date": "2012-02-21 17:20:51",
            "text": "1. This Week's Poll\n2. Poll Results\n3. Send Report",
            "screen": "ussd_root",
            "session": 309,
            "response": "2"
        }
    },
    {
        "pk": 628,
        "model": "ussd.navigation",
        "fields": {
            "date": "2012-02-21 09:48:26",
            "text": "1. This Week's Poll\n2. Poll Results\n3. Send Report",
            "screen": "ussd_root",
            "session": 270,
            "response": "2"
        }
    },
    {
        "pk": 629,
        "model": "ussd.navigation",
        "fields": {
            "date": "2012-02-21 09:48:34",
            "text": "1. 1FGM - Culture\n2. 2FGM Alert\n3. 3FGM - Awareness\n#. Back",
            "screen": "ussd_root3",
            "session": 270,
            "response": "1"
        }
    },
    {
        "pk": 646,
        "model": "ussd.navigation",
        "fields": {
            "date": "2012-02-21 09:54:01",
            "text": "1. This Week's Poll\n2. Poll Results\n3. Send Report",
            "screen": "ussd_root",
            "session": 274,
            "response": "1"
        }
    },
    {
        "pk": 631,
        "model": "ussd.navigation",
        "fields": {
            "date": "2012-02-21 09:49:39",
            "text": "1. This Week's Poll\n2. Poll Results\n3. Send Report",
            "screen": "ussd_root",
            "session": 271,
            "response": "1"
        }
    },
    {
        "pk": 632,
        "model": "ussd.navigation",
        "fields": {
            "date": "2012-02-21 09:49:47",
            "text": "6th Feb is day of zero tolerance to female circumcision.We know its illegal but is still practiced so is the culture more important than the law?YES or NO\r\n",
            "screen": "weekly_poll",
            "session": 271,
            "response": "8"
        }
    },
    {
        "pk": 633,
        "model": "ussd.navigation",
        "fields": {
            "date": "2012-02-21 09:49:56",
            "text": "",
            "screen": "ussd_root2",
            "session": 271,
            "response": ""
        }
    },
    {
        "pk": 634,
        "model": "ussd.navigation",
        "fields": {
            "date": "2012-02-21 09:50:17",
            "text": "1. This Week's Poll\n2. Poll Results\n3. Send Report",
            "screen": "ussd_root",
            "session": 272,
            "response": "3"
        }
    },
    {
        "pk": 635,
        "model": "ussd.navigation",
        "fields": {
            "date": "2012-02-21 09:50:32",
            "text": "Enter Message:",
            "screen": "send_report",
            "session": 272,
            "response": "25"
        }
    },
    {
        "pk": 636,
        "model": "ussd.navigation",
        "fields": {
            "date": "2012-02-21 09:50:44",
            "text": "Thanks For Your Response",
            "screen": "report_response",
            "session": 272,
            "response": ""
        }
    },
    {
        "pk": 637,
        "model": "ussd.navigation",
        "fields": {
            "date": "2012-02-21 09:51:40",
            "text": "1. This Week's Poll\n2. Poll Results\n3. Send Report",
            "screen": "ussd_root",
            "session": 273,
            "response": "1"
        }
    },
    {
        "pk": 638,
        "model": "ussd.navigation",
        "fields": {
            "date": "2012-02-21 09:51:48",
            "text": "6th Feb is day of zero tolerance to female circumcision.We know its illegal but is still practiced so is the culture more important than the law?YES or NO\r\n",
            "screen": "weekly_poll",
            "session": 273,
            "response": "1"
        }
    },
    {
        "pk": 639,
        "model": "ussd.navigation",
        "fields": {
            "date": "2012-02-21 09:51:59",
            "text": "",
            "screen": "ussd_root2",
            "session": 273,
            "response": "1"
        }
    },
    {
        "pk": 647,
        "model": "ussd.navigation",
        "fields": {
            "date": "2012-02-21 09:54:09",
            "text": "6th Feb is day of zero tolerance to female circumcision.We know its illegal but is still practiced so is the culture more important than the law?YES or NO\r\n",
            "screen": "weekly_poll",
            "session": 274,
            "response": "5"
        }
    },
    {
        "pk": 648,
        "model": "ussd.navigation",
        "fields": {
            "date": "2012-02-21 09:54:41",
            "text": "",
            "screen": "ussd_root2",
            "session": 274,
            "response": ""
        }
    },
    {
        "pk": 729,
        "model": "ussd.navigation",
        "fields": {
            "date": "2012-02-21 17:02:14",
            "text": "1. This Week's Poll\n2. Poll Results\n3. Send Report",
            "screen": "ussd_root",
            "session": 306,
            "response": "1"
        }
    },
    {
        "pk": 730,
        "model": "ussd.navigation",
        "fields": {
            "date": "2012-02-21 17:02:26",
            "text": "6th Feb is day of zero tolerance to female circumcision.We know its illegal but is still practiced so is the culture more important than the law?YES or NO\r\n",
            "screen": "weekly_poll",
            "session": 306,
            "response": ""
        }
    },
    {
        "pk": 731,
        "model": "ussd.navigation",
        "fields": {
            "date": "2012-02-21 17:11:33",
            "text": "1. This Week's Poll\n2. Poll Results\n3. Send Report",
            "screen": "ussd_root",
            "session": 307,
            "response": "3"
        }
    },
    {
        "pk": 732,
        "model": "ussd.navigation",
        "fields": {
            "date": "2012-02-21 17:11:44",
            "text": "Enter Message:",
            "screen": "send_report",
            "session": 307,
            "response": ""
        }
    },
    {
        "pk": 733,
        "model": "ussd.navigation",
        "fields": {
            "date": "2012-02-21 17:18:44",
            "text": "1. This Week's Poll\n2. Poll Results\n3. Send Report",
            "screen": "ussd_root",
            "session": 308,
            "response": "1"
        }
    },
    {
        "pk": 734,
        "model": "ussd.navigation",
        "fields": {
            "date": "2012-02-21 17:19:01",
            "text": "6th Feb is day of zero tolerance to female circumcision.We know its illegal but is still practiced so is the culture more important than the law?YES or NO\r\n",
            "screen": "weekly_poll",
            "session": 308,
            "response": "6"
        }
    },
    {
        "pk": 735,
        "model": "ussd.navigation",
        "fields": {
            "date": "2012-02-21 17:19:51",
            "text": "Cultural practices are important to our identity, but when they violate human rights or risk death they should be stopped.",
            "screen": "question_response",
            "session": 308,
            "response": ""
        }
    },
    {
        "pk": 737,
        "model": "ussd.navigation",
        "fields": {
            "date": "2012-02-21 17:21:05",
            "text": "1. 1FGM - Culture\n2. 2FGM Alert\n3. 3FGM - Awareness\n#. Back",
            "screen": "ussd_root3",
            "session": 309,
            "response": "2"
        }
    },
    {
        "pk": 738,
        "model": "ussd.navigation",
        "fields": {
            "date": "2012-02-21 17:21:35",
            "text": "2. no:62% unknown:16% yes:21% \n#. Back",
            "screen": "res2",
            "session": 309,
            "response": ""
        }
    },
    {
        "pk": 739,
        "model": "ussd.navigation",
        "fields": {
            "date": "2012-02-21 17:24:23",
            "text": "1. This Week's Poll\n2. Poll Results\n3. Send Report",
            "screen": "ussd_root",
            "session": 310,
            "response": ""
        }
    },
    {
        "pk": 740,
        "model": "ussd.navigation",
        "fields": {
            "date": "2012-02-21 17:26:01",
            "text": "1. This Week's Poll\n2. Poll Results\n3. Send Report",
            "screen": "ussd_root",
            "session": 311,
            "response": "2"
        }
    },
    {
        "pk": 741,
        "model": "ussd.navigation",
        "fields": {
            "date": "2012-02-21 17:26:08",
            "text": "1. 1FGM - Culture\n2. 2FGM Alert\n3. 3FGM - Awareness\n#. Back",
            "screen": "ussd_root3",
            "session": 311,
            "response": "2"
        }
    },
    {
        "pk": 742,
        "model": "ussd.navigation",
        "fields": {
            "date": "2012-02-21 17:26:19",
            "text": "2. no:62% unknown:16% yes:21% \n#. Back",
            "screen": "res2",
            "session": 311,
            "response": "2"
        }
    },
    {
        "pk": 743,
        "model": "ussd.navigation",
        "fields": {
            "date": "2012-02-21 17:26:29",
            "text": "#. Back",
            "screen": "res21",
            "session": 311,
            "response": ""
        }
    },
    {
        "pk": 744,
        "model": "ussd.navigation",
        "fields": {
            "date": "2012-02-21 20:58:35",
            "text": "1. This Week's Poll\n2. Poll Results\n3. Send Report",
            "screen": "ussd_root",
            "session": 312,
            "response": "1"
        }
    },
    {
        "pk": 745,
        "model": "ussd.navigation",
        "fields": {
            "date": "2012-02-21 20:58:43",
            "text": "6th Feb is day of zero tolerance to female circumcision.We know its illegal but is still practiced so is the culture more important than the law?YES or NO\r\n",
            "screen": "weekly_poll",
            "session": 312,
            "response": ""
        }
    },
    {
        "pk": 754,
        "model": "ussd.navigation",
        "fields": {
            "date": "2012-02-21 23:27:10",
            "text": "1. This Week's Poll\n2. Poll Results\n3. Send Report",
            "screen": "ussd_root",
            "session": 315,
            "response": "3"
        }
    },
    {
        "pk": 755,
        "model": "ussd.navigation",
        "fields": {
            "date": "2012-02-21 23:27:22",
            "text": "Enter Message:",
            "screen": "send_report",
            "session": 315,
            "response": "55"
        }
    },
    {
        "pk": 756,
        "model": "ussd.navigation",
        "fields": {
            "date": "2012-02-21 23:27:32",
            "text": "Thanks For Your Response",
            "screen": "report_response",
            "session": 315,
            "response": ""
        }
    },
    {
        "pk": 757,
        "model": "ussd.navigation",
        "fields": {
            "date": "2012-02-22 10:04:55",
            "text": "1. This Week's Poll\n2. Poll Results\n3. Send Report",
            "screen": "ussd_root",
            "session": 316,
            "response": "2"
        }
    },
    {
        "pk": 758,
        "model": "ussd.navigation",
        "fields": {
            "date": "2012-02-22 10:05:09",
            "text": "1. 1FGM - Culture\n2. 2FGM Alert\n3. 3FGM - Awareness\n#. Back",
            "screen": "ussd_root3",
            "session": 316,
            "response": "3"
        }
    },
    {
        "pk": 759,
        "model": "ussd.navigation",
        "fields": {
            "date": "2012-02-22 10:05:21",
            "text": "3. Results coming later\n#. Back",
            "screen": "res3",
            "session": 316,
            "response": "3"
        }
    },
    {
        "pk": 760,
        "model": "ussd.navigation",
        "fields": {
            "date": "2012-02-22 10:05:29",
            "text": "#. Back",
            "screen": "res31",
            "session": 316,
            "response": ""
        }
    },
    {
        "pk": 761,
        "model": "ussd.navigation",
        "fields": {
            "date": "2012-02-22 11:39:57",
            "text": "1. This Week's Poll\n2. Poll Results\n3. Send Report",
            "screen": "ussd_root",
            "session": 317,
            "response": ""
        }
    },
    {
        "pk": 510,
        "model": "ussd.navigation",
        "fields": {
            "date": "2012-02-20 22:36:43",
            "text": "1. This Week's Poll\n2. Poll Results\n3. Send Report",
            "screen": "ussd_root",
            "session": 210,
            "response": "1"
        }
    },
    {
        "pk": 511,
        "model": "ussd.navigation",
        "fields": {
            "date": "2012-02-20 22:36:53",
            "text": "6th Feb is day of zero tolerance to female circumcision.We know its illegal but is still practiced so is the culture more important than the law?YES or NO\r\n",
            "screen": "weekly_poll",
            "session": 210,
            "response": ""
        }
    },
    {
        "pk": 578,
        "model": "ussd.navigation",
        "fields": {
            "date": "2012-02-20 23:18:21",
            "text": "1. This Week's Poll\n2. Poll Results\n3. Send Report",
            "screen": "ussd_root",
            "session": 250,
            "response": "1"
        }
    },
    {
        "pk": 551,
        "model": "ussd.navigation",
        "fields": {
            "date": "2012-02-20 22:50:19",
            "text": "1. This Week's Poll\n2. Poll Results\n3. Send Report",
            "screen": "ussd_root",
            "session": 238,
            "response": "1"
        }
    },
    {
        "pk": 552,
        "model": "ussd.navigation",
        "fields": {
            "date": "2012-02-20 22:50:28",
            "text": "6th Feb is day of zero tolerance to female circumcision.We know its illegal but is still practiced so is the culture more important than the law?YES or NO\r\n",
            "screen": "weekly_poll",
            "session": 238,
            "response": ""
        }
    },
    {
        "pk": 579,
        "model": "ussd.navigation",
        "fields": {
            "date": "2012-02-20 23:18:29",
            "text": "6th Feb is day of zero tolerance to female circumcision.We know its illegal but is still practiced so is the culture more important than the law?YES or NO\r\n",
            "screen": "weekly_poll",
            "session": 250,
            "response": ""
        }
    },
    {
        "pk": 792,
        "model": "ussd.navigation",
        "fields": {
            "date": "2012-02-22 20:54:04",
            "text": "1. This Week's Poll\n2. Poll Results\n3. Send Report",
            "screen": "ussd_root",
            "session": 331,
            "response": "1"
        }
    },
    {
        "pk": 599,
        "model": "ussd.navigation",
        "fields": {
            "date": "2012-02-21 00:01:07",
            "text": "1. This Week's Poll\n2. Poll Results\n3. Send Report",
            "screen": "ussd_root",
            "session": 1,
            "response": "1"
        }
    },
    {
        "pk": 600,
        "model": "ussd.navigation",
        "fields": {
            "date": "2012-02-21 00:01:43",
            "text": "6th Feb is day of zero tolerance to female circumcision.We know its illegal but is still practiced so is the culture more important than the law?YES or NO\r\n",
            "screen": "weekly_poll",
            "session": 1,
            "response": "1"
        }
    },
    {
        "pk": 601,
        "model": "ussd.navigation",
        "fields": {
            "date": "2012-02-21 00:01:55",
            "text": "Thanks For your response",
            "screen": "ussd_root2",
            "session": 1,
            "response": "1"
        }
    },
    {
        "pk": 615,
        "model": "ussd.navigation",
        "fields": {
            "date": "2012-02-21 09:35:08",
            "text": "Invalid Menu Option.\n",
            "screen": "ussd_root2",
            "session": 1,
            "response": "1"
        }
    },
    {
        "pk": 746,
        "model": "ussd.navigation",
        "fields": {
            "date": "2012-02-21 22:20:02",
            "text": "1. This Week's Poll\n2. Poll Results\n3. Send Report",
            "screen": "ussd_root",
            "session": 313,
            "response": "1"
        }
    },
    {
        "pk": 747,
        "model": "ussd.navigation",
        "fields": {
            "date": "2012-02-21 22:20:22",
            "text": "6th Feb is day of zero tolerance to female circumcision.We know its illegal but is still practiced so is the culture more important than the law?YES or NO\r\n",
            "screen": "weekly_poll",
            "session": 313,
            "response": "NO"
        }
    },
    {
        "pk": 748,
        "model": "ussd.navigation",
        "fields": {
            "date": "2012-02-21 22:21:07",
            "text": "Cultural practices are important to our identity, but when they violate human rights or risk death they should be stopped.",
            "screen": "question_response",
            "session": 313,
            "response": ""
        }
    },
    {
        "pk": 749,
        "model": "ussd.navigation",
        "fields": {
            "date": "2012-02-21 22:21:41",
            "text": "1. This Week's Poll\n2. Poll Results\n3. Send Report",
            "screen": "ussd_root",
            "session": 314,
            "response": "2"
        }
    },
    {
        "pk": 793,
        "model": "ussd.navigation",
        "fields": {
            "date": "2012-02-22 20:54:34",
            "text": "6th Feb is day of zero tolerance to female circumcision.We know its illegal but is still practiced so is the culture more important than the law?1.Yes 2. No",
            "screen": "weekly_poll",
            "session": 331,
            "response": ""
        }
    },
    {
        "pk": 794,
        "model": "ussd.navigation",
        "fields": {
            "date": "2012-02-22 20:55:30",
            "text": "1. This Week's Poll\n2. Poll Results\n3. Send Report",
            "screen": "ussd_root",
            "session": 332,
            "response": "1"
        }
    },
    {
        "pk": 750,
        "model": "ussd.navigation",
        "fields": {
            "date": "2012-02-21 22:21:48",
            "text": "1. 1FGM - Culture\n2. 2FGM Alert\n3. 3FGM - Awareness\n#. Back",
            "screen": "ussd_root3",
            "session": 314,
            "response": "3"
        }
    },
    {
        "pk": 753,
        "model": "ussd.navigation",
        "fields": {
            "date": "2012-02-21 22:23:05",
            "text": "3. Results coming later\n#. Back",
            "screen": "res3",
            "session": 314,
            "response": ""
        }
    },
    {
        "pk": 762,
        "model": "ussd.navigation",
        "fields": {
            "date": "2012-02-22 13:16:36",
            "text": "1. This Week's Poll\n2. Poll Results\n3. Send Report",
            "screen": "ussd_root",
            "session": 318,
            "response": ""
        }
    },
    {
        "pk": 764,
        "model": "ussd.navigation",
        "fields": {
            "date": "2012-02-22 13:17:15",
            "text": "6th Feb is day of zero tolerance to female circumcision.We know its illegal but is still practiced so is the culture more important than the law?1.Yes 2. No",
            "screen": "weekly_poll",
            "session": 319,
            "response": "5"
        }
    },
    {
        "pk": 765,
        "model": "ussd.navigation",
        "fields": {
            "date": "2012-02-22 13:17:32",
            "text": "Cultural practices are important to our identity, but when they violate human rights or risk death they should be stopped.",
            "screen": "question_response",
            "session": 319,
            "response": ""
        }
    },
    {
        "pk": 766,
        "model": "ussd.navigation",
        "fields": {
            "date": "2012-02-22 13:26:02",
            "text": "1. This Week's Poll\n2. Poll Results\n3. Send Report",
            "screen": "ussd_root",
            "session": 320,
            "response": "2"
        }
    },
    {
        "pk": 767,
        "model": "ussd.navigation",
        "fields": {
            "date": "2012-02-22 13:26:12",
            "text": "1. FGM - Culture\n2. FGM - Awareness\n3. Solar Power Equip Availability\n0. Back",
            "screen": "ussd_root3",
            "session": 320,
            "response": "3"
        }
    },
    {
        "pk": 768,
        "model": "ussd.navigation",
        "fields": {
            "date": "2012-02-22 13:26:25",
            "text": "3. no:49% yes:49% uncategorized:1% \n0. Back",
            "screen": "res3",
            "session": 320,
            "response": ""
        }
    },
    {
        "pk": 769,
        "model": "ussd.navigation",
        "fields": {
            "date": "2012-02-22 13:27:58",
            "text": "1. This Week's Poll\n2. Poll Results\n3. Send Report",
            "screen": "ussd_root",
            "session": 321,
            "response": "2"
        }
    },
    {
        "pk": 770,
        "model": "ussd.navigation",
        "fields": {
            "date": "2012-02-22 13:28:07",
            "text": "1. FGM - Culture\n2. FGM - Awareness\n3. Solar Power Equip Availability\n0. Back",
            "screen": "ussd_root3",
            "session": 321,
            "response": "3"
        }
    },
    {
        "pk": 771,
        "model": "ussd.navigation",
        "fields": {
            "date": "2012-02-22 13:28:17",
            "text": "1. no:49% yes:49% uncategorized:1% \n0. Back",
            "screen": "res3",
            "session": 321,
            "response": ""
        }
    },
    {
        "pk": 772,
        "model": "ussd.navigation",
        "fields": {
            "date": "2012-02-22 13:29:17",
            "text": "1. This Week's Poll\n2. Poll Results\n3. Send Report",
            "screen": "ussd_root",
            "session": 322,
            "response": "1"
        }
    },
    {
        "pk": 773,
        "model": "ussd.navigation",
        "fields": {
            "date": "2012-02-22 13:29:27",
            "text": "6th Feb is day of zero tolerance to female circumcision.We know its illegal but is still practiced so is the culture more important than the law?1.Yes 2. No",
            "screen": "weekly_poll",
            "session": 322,
            "response": "0"
        }
    },
    {
        "pk": 774,
        "model": "ussd.navigation",
        "fields": {
            "date": "2012-02-22 13:29:43",
            "text": "Cultural practices are important to our identity, but when they violate human rights or risk death they should be stopped.",
            "screen": "question_response",
            "session": 322,
            "response": ""
        }
    },
    {
        "pk": 795,
        "model": "ussd.navigation",
        "fields": {
            "date": "2012-02-22 20:55:40",
            "text": "6th Feb is day of zero tolerance to female circumcision.We know its illegal but is still practiced so is the culture more important than the law?1.Yes 2. No",
            "screen": "weekly_poll",
            "session": 332,
            "response": "2"
        }
    },
    {
        "pk": 796,
        "model": "ussd.navigation",
        "fields": {
            "date": "2012-02-22 20:56:23",
            "text": "Cultural practices are important to our identity, but when they violate human rights or risk death they should be stopped.",
            "screen": "question_response",
            "session": 332,
            "response": ""
        }
    },
    {
        "pk": 797,
        "model": "ussd.navigation",
        "fields": {
            "date": "2012-02-22 20:57:38",
            "text": "1. This Week's Poll\n2. Poll Results\n3. Send Report",
            "screen": "ussd_root",
            "session": 333,
            "response": "2"
        }
    },
    {
        "pk": 798,
        "model": "ussd.navigation",
        "fields": {
            "date": "2012-02-22 20:57:53",
            "text": "1. FGM - Culture\n2. FGM - Awareness\n3. Solar Power Equip Availability\n0. Back",
            "screen": "ussd_root3",
            "session": 333,
            "response": "3"
        }
    },
    {
        "pk": 799,
        "model": "ussd.navigation",
        "fields": {
            "date": "2012-02-22 20:58:33",
            "text": "1. no:49% yes:49% uncategorized:1% \n0. Back",
            "screen": "res3",
            "session": 333,
            "response": ""
        }
    },
    {
        "pk": 800,
        "model": "ussd.navigation",
        "fields": {
            "date": "2012-02-22 20:58:58",
            "text": "1. This Week's Poll\n2. Poll Results\n3. Send Report",
            "screen": "ussd_root",
            "session": 334,
            "response": "3"
        }
    },
    {
        "pk": 801,
        "model": "ussd.navigation",
        "fields": {
            "date": "2012-02-22 20:59:08",
            "text": "Enter Message:",
            "screen": "send_report",
            "session": 334,
            "response": "1"
        }
    },
    {
        "pk": 802,
        "model": "ussd.navigation",
        "fields": {
            "date": "2012-02-22 20:59:17",
            "text": "Thanks For Your Response",
            "screen": "report_response",
            "session": 334,
            "response": ""
        }
    },
    {
        "pk": 805,
        "model": "ussd.navigation",
        "fields": {
            "date": "2012-02-22 21:53:11",
            "text": "1. This Week's Poll\n2. Poll Results\n3. Send Report",
            "screen": "ussd_root",
            "session": 336,
            "response": ""
        }
    },
    {
        "pk": 808,
        "model": "ussd.navigation",
        "fields": {
            "date": "2012-02-22 22:40:18",
            "text": "1. This Week's Poll\n2. Poll Results\n3. Send Report",
            "screen": "ussd_root",
            "session": 338,
            "response": "2"
        }
    },
    {
        "pk": 809,
        "model": "ussd.navigation",
        "fields": {
            "date": "2012-02-22 22:40:28",
            "text": "1. FGM - Culture\n2. FGM - Awareness\n3. Solar Power Equip Availability\n0. Back",
            "screen": "ussd_root3",
            "session": 338,
            "response": "1"
        }
    },
    {
        "pk": 810,
        "model": "ussd.navigation",
        "fields": {
            "date": "2012-02-22 22:40:46",
            "text": "1. no:62% unknown:16% yes:21% uncategorized:0% \n0. Back",
            "screen": "res1",
            "session": 338,
            "response": ""
        }
    },
    {
        "pk": 831,
        "model": "ussd.navigation",
        "fields": {
            "date": "2012-02-23 11:09:26",
            "text": "6th Feb is day of zero tolerance to female circumcision.We know its illegal but is still practiced so is the culture more important than the law?1.Yes 2. No",
            "screen": "weekly_poll",
            "session": 344,
            "response": ""
        }
    },
    {
        "pk": 832,
        "model": "ussd.navigation",
        "fields": {
            "date": "2012-02-23 11:17:22",
            "text": "1. This Week's Poll\n2. Poll Results\n3. Send Report",
            "screen": "ussd_root",
            "session": 345,
            "response": "2"
        }
    },
    {
        "pk": 833,
        "model": "ussd.navigation",
        "fields": {
            "date": "2012-02-23 11:17:30",
            "text": "1. FGM - Culture\n2. FGM - Awareness\n3. Solar Power Equip Availability\n0. Back",
            "screen": "ussd_root3",
            "session": 345,
            "response": "2"
        }
    },
    {
        "pk": 834,
        "model": "ussd.navigation",
        "fields": {
            "date": "2012-02-23 11:17:41",
            "text": "1. no:14% unknown:8% yes:76% \n0. Back",
            "screen": "res2",
            "session": 345,
            "response": "0"
        }
    },
    {
        "pk": 835,
        "model": "ussd.navigation",
        "fields": {
            "date": "2012-02-23 11:17:53",
            "text": "Invalid Menu Option.\n1. no:14% unknown:8% yes:76% \n0. Back",
            "screen": "res2",
            "session": 345,
            "response": ""
        }
    },
    {
        "pk": 513,
        "model": "ussd.navigation",
        "fields": {
            "date": "2012-02-20 22:39:05",
            "text": "1. This Week's Poll\n2. Poll Results\n3. Send Report",
            "screen": "ussd_root",
            "session": 211,
            "response": "1"
        }
    },
    {
        "pk": 514,
        "model": "ussd.navigation",
        "fields": {
            "date": "2012-02-20 22:39:18",
            "text": "6th Feb is day of zero tolerance to female circumcision.We know its illegal but is still practiced so is the culture more important than the law?YES or NO\r\n",
            "screen": "weekly_poll",
            "session": 211,
            "response": ""
        }
    },
    {
        "pk": 581,
        "model": "ussd.navigation",
        "fields": {
            "date": "2012-02-20 23:31:52",
            "text": "1. This Week's Poll\n2. Poll Results\n3. Send Report",
            "screen": "ussd_root",
            "session": 251,
            "response": "1"
        }
    },
    {
        "pk": 554,
        "model": "ussd.navigation",
        "fields": {
            "date": "2012-02-20 22:50:55",
            "text": "1. This Week's Poll\n2. Poll Results\n3. Send Report",
            "screen": "ussd_root",
            "session": 239,
            "response": "2"
        }
    },
    {
        "pk": 555,
        "model": "ussd.navigation",
        "fields": {
            "date": "2012-02-20 22:51:07",
            "text": "1. 1FGM - Culture\n2. 2FGM Alert\n3. 3FGM - Awareness\n#. Back",
            "screen": "ussd_root3",
            "session": 239,
            "response": ""
        }
    },
    {
        "pk": 556,
        "model": "ussd.navigation",
        "fields": {
            "date": "2012-02-20 22:51:18",
            "text": "1. This Week's Poll\n2. Poll Results\n3. Send Report",
            "screen": "ussd_root",
            "session": 240,
            "response": "3"
        }
    },
    {
        "pk": 557,
        "model": "ussd.navigation",
        "fields": {
            "date": "2012-02-20 22:51:26",
            "text": "Enter Message:",
            "screen": "send_report",
            "session": 240,
            "response": "Vvvb"
        }
    },
    {
        "pk": 558,
        "model": "ussd.navigation",
        "fields": {
            "date": "2012-02-20 22:51:36",
            "text": "Thanks For Your Response",
            "screen": "report_response",
            "session": 240,
            "response": ""
        }
    },
    {
        "pk": 559,
        "model": "ussd.navigation",
        "fields": {
            "date": "2012-02-20 22:53:20",
            "text": "1. This Week's Poll\n2. Poll Results\n3. Send Report",
            "screen": "ussd_root",
            "session": 241,
            "response": "1"
        }
    },
    {
        "pk": 560,
        "model": "ussd.navigation",
        "fields": {
            "date": "2012-02-20 22:53:31",
            "text": "6th Feb is day of zero tolerance to female circumcision.We know its illegal but is still practiced so is the culture more important than the law?YES or NO\r\n",
            "screen": "weekly_poll",
            "session": 241,
            "response": ""
        }
    },
    {
        "pk": 582,
        "model": "ussd.navigation",
        "fields": {
            "date": "2012-02-20 23:32:01",
            "text": "6th Feb is day of zero tolerance to female circumcision.We know its illegal but is still practiced so is the culture more important than the law?YES or NO\r\n",
            "screen": "weekly_poll",
            "session": 251,
            "response": ""
        }
    },
    {
        "pk": 583,
        "model": "ussd.navigation",
        "fields": {
            "date": "2012-02-20 23:32:19",
            "text": "1. This Week's Poll\n2. Poll Results\n3. Send Report",
            "screen": "ussd_root",
            "session": 252,
            "response": ""
        }
    },
    {
        "pk": 677,
        "model": "ussd.navigation",
        "fields": {
            "date": "2012-02-21 12:30:31",
            "text": "6th Feb is day of zero tolerance to female circumcision.We know its illegal but is still practiced so is the culture more important than the law?YES or NO\r\n",
            "screen": "weekly_poll",
            "session": 284,
            "response": "NO"
        }
    },
    {
        "pk": 602,
        "model": "ussd.navigation",
        "fields": {
            "date": "2012-02-21 00:12:23",
            "text": "1. This Week's Poll\n2. Poll Results\n3. Send Report",
            "screen": "ussd_root",
            "session": 260,
            "response": ""
        }
    },
    {
        "pk": 603,
        "model": "ussd.navigation",
        "fields": {
            "date": "2012-02-21 02:12:19",
            "text": "1. This Week's Poll\n2. Poll Results\n3. Send Report",
            "screen": "ussd_root",
            "session": 261,
            "response": "1"
        }
    },
    {
        "pk": 604,
        "model": "ussd.navigation",
        "fields": {
            "date": "2012-02-21 02:12:30",
            "text": "6th Feb is day of zero tolerance to female circumcision.We know its illegal but is still practiced so is the culture more important than the law?YES or NO\r\n",
            "screen": "weekly_poll",
            "session": 261,
            "response": ""
        }
    },
    {
        "pk": 605,
        "model": "ussd.navigation",
        "fields": {
            "date": "2012-02-21 09:22:55",
            "text": "1. This Week's Poll\n2. Poll Results\n3. Send Report",
            "screen": "ussd_root",
            "session": 262,
            "response": "1"
        }
    },
    {
        "pk": 606,
        "model": "ussd.navigation",
        "fields": {
            "date": "2012-02-21 09:23:05",
            "text": "6th Feb is day of zero tolerance to female circumcision.We know its illegal but is still practiced so is the culture more important than the law?YES or NO\r\n",
            "screen": "weekly_poll",
            "session": 262,
            "response": ""
        }
    },
    {
        "pk": 678,
        "model": "ussd.navigation",
        "fields": {
            "date": "2012-02-21 12:31:21",
            "text": "Cultural practices are important to our identity, but when they violate human rights or risk death they should be stopped.",
            "screen": "question_response",
            "session": 284,
            "response": ""
        }
    },
    {
        "pk": 608,
        "model": "ussd.navigation",
        "fields": {
            "date": "2012-02-21 09:26:21",
            "text": "1. This Week's Poll\n2. Poll Results\n3. Send Report",
            "screen": "ussd_root",
            "session": 263,
            "response": ""
        }
    },
    {
        "pk": 609,
        "model": "ussd.navigation",
        "fields": {
            "date": "2012-02-21 09:27:05",
            "text": "1. This Week's Poll\n2. Poll Results\n3. Send Report",
            "screen": "ussd_root",
            "session": 264,
            "response": ""
        }
    },
    {
        "pk": 610,
        "model": "ussd.navigation",
        "fields": {
            "date": "2012-02-21 09:27:24",
            "text": "1. This Week's Poll\n2. Poll Results\n3. Send Report",
            "screen": "ussd_root",
            "session": 265,
            "response": "1"
        }
    },
    {
        "pk": 616,
        "model": "ussd.navigation",
        "fields": {
            "date": "2012-02-21 09:36:42",
            "text": "1. This Week's Poll\n2. Poll Results\n3. Send Report",
            "screen": "ussd_root",
            "session": 266,
            "response": ""
        }
    },
    {
        "pk": 617,
        "model": "ussd.navigation",
        "fields": {
            "date": "2012-02-21 09:38:08",
            "text": "Invalid Menu Option.\n",
            "screen": "ussd_root2",
            "session": 1,
            "response": "1"
        }
    },
    {
        "pk": 652,
        "model": "ussd.navigation",
        "fields": {
            "date": "2012-02-21 10:12:08",
            "text": "1. This Week's Poll\n2. Poll Results\n3. Send Report",
            "screen": "ussd_root",
            "session": 275,
            "response": "1"
        }
    },
    {
        "pk": 653,
        "model": "ussd.navigation",
        "fields": {
            "date": "2012-02-21 10:12:14",
            "text": "6th Feb is day of zero tolerance to female circumcision.We know its illegal but is still practiced so is the culture more important than the law?YES or NO\r\n",
            "screen": "weekly_poll",
            "session": 275,
            "response": "2"
        }
    },
    {
        "pk": 654,
        "model": "ussd.navigation",
        "fields": {
            "date": "2012-02-21 10:12:22",
            "text": "Cultural practices are important to our identity, but when they violate human rights or risk death they should be stopped.",
            "screen": "question_response",
            "session": 275,
            "response": ""
        }
    },
    {
        "pk": 666,
        "model": "ussd.navigation",
        "fields": {
            "date": "2012-02-21 10:52:15",
            "text": "1. This Week's Poll\n2. Poll Results\n3. Send Report",
            "screen": "ussd_root",
            "session": 280,
            "response": "1"
        }
    },
    {
        "pk": 667,
        "model": "ussd.navigation",
        "fields": {
            "date": "2012-02-21 10:52:32",
            "text": "6th Feb is day of zero tolerance to female circumcision.We know its illegal but is still practiced so is the culture more important than the law?YES or NO\r\n",
            "screen": "weekly_poll",
            "session": 280,
            "response": "yes"
        }
    },
    {
        "pk": 668,
        "model": "ussd.navigation",
        "fields": {
            "date": "2012-02-21 10:52:53",
            "text": "Cultural practices are important to our identity, but when they violate human rights or risk death they should be stopped.",
            "screen": "question_response",
            "session": 280,
            "response": ""
        }
    },
    {
        "pk": 669,
        "model": "ussd.navigation",
        "fields": {
            "date": "2012-02-21 10:53:21",
            "text": "1. This Week's Poll\n2. Poll Results\n3. Send Report",
            "screen": "ussd_root",
            "session": 281,
            "response": ""
        }
    },
    {
        "pk": 670,
        "model": "ussd.navigation",
        "fields": {
            "date": "2012-02-21 10:55:06",
            "text": "1. This Week's Poll\n2. Poll Results\n3. Send Report",
            "screen": "ussd_root",
            "session": 282,
            "response": "2"
        }
    },
    {
        "pk": 671,
        "model": "ussd.navigation",
        "fields": {
            "date": "2012-02-21 10:55:15",
            "text": "1. 1FGM - Culture\n2. 2FGM Alert\n3. 3FGM - Awareness\n#. Back",
            "screen": "ussd_root3",
            "session": 282,
            "response": "1"
        }
    },
    {
        "pk": 672,
        "model": "ussd.navigation",
        "fields": {
            "date": "2012-02-21 10:55:47",
            "text": "1. Results coming later\n#. Back",
            "screen": "res1",
            "session": 282,
            "response": "1"
        }
    },
    {
        "pk": 673,
        "model": "ussd.navigation",
        "fields": {
            "date": "2012-02-21 10:56:03",
            "text": "#. Back",
            "screen": "res11",
            "session": 282,
            "response": ""
        }
    },
    {
        "pk": 674,
        "model": "ussd.navigation",
        "fields": {
            "date": "2012-02-21 12:28:42",
            "text": "1. This Week's Poll\n2. Poll Results\n3. Send Report",
            "screen": "ussd_root",
            "session": 283,
            "response": "1"
        }
    },
    {
        "pk": 675,
        "model": "ussd.navigation",
        "fields": {
            "date": "2012-02-21 12:29:07",
            "text": "6th Feb is day of zero tolerance to female circumcision.We know its illegal but is still practiced so is the culture more important than the law?YES or NO\r\n",
            "screen": "weekly_poll",
            "session": 283,
            "response": ""
        }
    },
    {
        "pk": 676,
        "model": "ussd.navigation",
        "fields": {
            "date": "2012-02-21 12:30:21",
            "text": "1. This Week's Poll\n2. Poll Results\n3. Send Report",
            "screen": "ussd_root",
            "session": 284,
            "response": "1"
        }
    },
    {
        "pk": 701,
        "model": "ussd.navigation",
        "fields": {
            "date": "2012-02-21 13:49:12",
            "text": "1. This Week's Poll\n2. Poll Results\n3. Send Report",
            "screen": "ussd_root",
            "session": 294,
            "response": "1"
        }
    },
    {
        "pk": 702,
        "model": "ussd.navigation",
        "fields": {
            "date": "2012-02-21 13:49:21",
            "text": "6th Feb is day of zero tolerance to female circumcision.We know its illegal but is still practiced so is the culture more important than the law?YES or NO\r\n",
            "screen": "weekly_poll",
            "session": 294,
            "response": ""
        }
    },
    {
        "pk": 708,
        "model": "ussd.navigation",
        "fields": {
            "date": "2012-02-21 14:18:49",
            "text": "1. This Week's Poll\n2. Poll Results\n3. Send Report",
            "screen": "ussd_root",
            "session": 296,
            "response": ""
        }
    },
    {
        "pk": 709,
        "model": "ussd.navigation",
        "fields": {
            "date": "2012-02-21 14:20:28",
            "text": "1. This Week's Poll\n2. Poll Results\n3. Send Report",
            "screen": "ussd_root",
            "session": 297,
            "response": "142500108985553"
        }
    },
    {
        "pk": 710,
        "model": "ussd.navigation",
        "fields": {
            "date": "2012-02-21 14:20:37",
            "text": "Invalid Menu Option.\n1. This Week's Poll\n2. Poll Results\n3. Send Report",
            "screen": "ussd_root",
            "session": 297,
            "response": ""
        }
    },
    {
        "pk": 703,
        "model": "ussd.navigation",
        "fields": {
            "date": "2012-02-21 13:50:26",
            "text": "1. This Week's Poll\n2. Poll Results\n3. Send Report",
            "screen": "ussd_root",
            "session": 295,
            "response": "1"
        }
    },
    {
        "pk": 706,
        "model": "ussd.navigation",
        "fields": {
            "date": "2012-02-21 13:51:15",
            "text": "6th Feb is day of zero tolerance to female circumcision.We know its illegal but is still practiced so is the culture more important than the law?YES or NO\r\n",
            "screen": "weekly_poll",
            "session": 295,
            "response": "yes"
        }
    },
    {
        "pk": 707,
        "model": "ussd.navigation",
        "fields": {
            "date": "2012-02-21 13:51:29",
            "text": "Cultural practices are important to our identity, but when they violate human rights or risk death they should be stopped.",
            "screen": "question_response",
            "session": 295,
            "response": ""
        }
    },
    {
        "pk": 711,
        "model": "ussd.navigation",
        "fields": {
            "date": "2012-02-21 14:21:10",
            "text": "1. This Week's Poll\n2. Poll Results\n3. Send Report",
            "screen": "ussd_root",
            "session": 298,
            "response": "242500108985556"
        }
    },
    {
        "pk": 712,
        "model": "ussd.navigation",
        "fields": {
            "date": "2012-02-21 14:21:23",
            "text": "Invalid Menu Option.\n1. This Week's Poll\n2. Poll Results\n3. Send Report",
            "screen": "ussd_root",
            "session": 298,
            "response": ""
        }
    },
    {
        "pk": 713,
        "model": "ussd.navigation",
        "fields": {
            "date": "2012-02-21 14:21:38",
            "text": "1. This Week's Poll\n2. Poll Results\n3. Send Report",
            "screen": "ussd_root",
            "session": 299,
            "response": "342500108985556"
        }
    },
    {
        "pk": 714,
        "model": "ussd.navigation",
        "fields": {
            "date": "2012-02-21 14:21:45",
            "text": "Invalid Menu Option.\n1. This Week's Poll\n2. Poll Results\n3. Send Report",
            "screen": "ussd_root",
            "session": 299,
            "response": ""
        }
    },
    {
        "pk": 715,
        "model": "ussd.navigation",
        "fields": {
            "date": "2012-02-21 14:22:14",
            "text": "1. This Week's Poll\n2. Poll Results\n3. Send Report",
            "screen": "ussd_root",
            "session": 300,
            "response": "1"
        }
    },
    {
        "pk": 716,
        "model": "ussd.navigation",
        "fields": {
            "date": "2012-02-21 14:22:24",
            "text": "6th Feb is day of zero tolerance to female circumcision.We know its illegal but is still practiced so is the culture more important than the law?YES or NO\r\n",
            "screen": "weekly_poll",
            "session": 300,
            "response": "1"
        }
    },
    {
        "pk": 717,
        "model": "ussd.navigation",
        "fields": {
            "date": "2012-02-21 14:23:06",
            "text": "Cultural practices are important to our identity, but when they violate human rights or risk death they should be stopped.",
            "screen": "question_response",
            "session": 300,
            "response": ""
        }
    },
    {
        "pk": 718,
        "model": "ussd.navigation",
        "fields": {
            "date": "2012-02-21 15:10:35",
            "text": "1. This Week's Poll\n2. Poll Results\n3. Send Report",
            "screen": "ussd_root",
            "session": 301,
            "response": "2"
        }
    },
    {
        "pk": 719,
        "model": "ussd.navigation",
        "fields": {
            "date": "2012-02-21 15:10:54",
            "text": "1. 1FGM - Culture\n2. 2FGM Alert\n3. 3FGM - Awareness\n#. Back",
            "screen": "ussd_root3",
            "session": 301,
            "response": "2"
        }
    },
    {
        "pk": 720,
        "model": "ussd.navigation",
        "fields": {
            "date": "2012-02-21 15:11:11",
            "text": "2. no:62% unknown:16% yes:21% \n#. Back",
            "screen": "res2",
            "session": 301,
            "response": ""
        }
    },
    {
        "pk": 721,
        "model": "ussd.navigation",
        "fields": {
            "date": "2012-02-21 15:31:43",
            "text": "1. This Week's Poll\n2. Poll Results\n3. Send Report",
            "screen": "ussd_root",
            "session": 302,
            "response": ""
        }
    },
    {
        "pk": 516,
        "model": "ussd.navigation",
        "fields": {
            "date": "2012-02-20 22:40:53",
            "text": "Ignored",
            "screen": "ussd_root",
            "session": 212,
            "response": ""
        }
    },
    {
        "pk": 517,
        "model": "ussd.navigation",
        "fields": {
            "date": "2012-02-20 22:41:09",
            "text": "Ignored",
            "screen": "ussd_root",
            "session": 213,
            "response": ""
        }
    },
    {
        "pk": 518,
        "model": "ussd.navigation",
        "fields": {
            "date": "2012-02-20 22:41:19",
            "text": "Ignored",
            "screen": "ussd_root",
            "session": 214,
            "response": ""
        }
    },
    {
        "pk": 519,
        "model": "ussd.navigation",
        "fields": {
            "date": "2012-02-20 22:41:25",
            "text": "Ignored",
            "screen": "ussd_root",
            "session": 215,
            "response": ""
        }
    },
    {
        "pk": 520,
        "model": "ussd.navigation",
        "fields": {
            "date": "2012-02-20 22:41:31",
            "text": "Ignored",
            "screen": "ussd_root",
            "session": 216,
            "response": ""
        }
    },
    {
        "pk": 521,
        "model": "ussd.navigation",
        "fields": {
            "date": "2012-02-20 22:41:37",
            "text": "Ignored",
            "screen": "ussd_root",
            "session": 217,
            "response": ""
        }
    },
    {
        "pk": 522,
        "model": "ussd.navigation",
        "fields": {
            "date": "2012-02-20 22:41:44",
            "text": "Ignored",
            "screen": "ussd_root",
            "session": 218,
            "response": ""
        }
    },
    {
        "pk": 585,
        "model": "ussd.navigation",
        "fields": {
            "date": "2012-02-20 23:36:55",
            "text": "1. This Week's Poll\n2. Poll Results\n3. Send Report",
            "screen": "ussd_root",
            "session": 253,
            "response": ""
        }
    },
    {
        "pk": 523,
        "model": "ussd.navigation",
        "fields": {
            "date": "2012-02-20 22:41:44",
            "text": "Ignored",
            "screen": "ussd_root",
            "session": 219,
            "response": ""
        }
    },
    {
        "pk": 524,
        "model": "ussd.navigation",
        "fields": {
            "date": "2012-02-20 22:41:59",
            "text": "Ignored",
            "screen": "ussd_root",
            "session": 220,
            "response": ""
        }
    },
    {
        "pk": 525,
        "model": "ussd.navigation",
        "fields": {
            "date": "2012-02-20 22:42:27",
            "text": "Ignored",
            "screen": "ussd_root",
            "session": 221,
            "response": ""
        }
    },
    {
        "pk": 526,
        "model": "ussd.navigation",
        "fields": {
            "date": "2012-02-20 22:42:31",
            "text": "Ignored",
            "screen": "ussd_root",
            "session": 222,
            "response": ""
        }
    },
    {
        "pk": 527,
        "model": "ussd.navigation",
        "fields": {
            "date": "2012-02-20 22:42:37",
            "text": "Ignored",
            "screen": "ussd_root",
            "session": 223,
            "response": ""
        }
    },
    {
        "pk": 528,
        "model": "ussd.navigation",
        "fields": {
            "date": "2012-02-20 22:42:49",
            "text": "Ignored",
            "screen": "ussd_root",
            "session": 224,
            "response": ""
        }
    },
    {
        "pk": 529,
        "model": "ussd.navigation",
        "fields": {
            "date": "2012-02-20 22:42:58",
            "text": "Ignored",
            "screen": "ussd_root",
            "session": 225,
            "response": ""
        }
    },
    {
        "pk": 530,
        "model": "ussd.navigation",
        "fields": {
            "date": "2012-02-20 22:43:05",
            "text": "Ignored",
            "screen": "ussd_root",
            "session": 226,
            "response": ""
        }
    },
    {
        "pk": 531,
        "model": "ussd.navigation",
        "fields": {
            "date": "2012-02-20 22:43:12",
            "text": "Ignored",
            "screen": "ussd_root",
            "session": 227,
            "response": ""
        }
    },
    {
        "pk": 532,
        "model": "ussd.navigation",
        "fields": {
            "date": "2012-02-20 22:43:18",
            "text": "Ignored",
            "screen": "ussd_root",
            "session": 228,
            "response": ""
        }
    },
    {
        "pk": 533,
        "model": "ussd.navigation",
        "fields": {
            "date": "2012-02-20 22:43:24",
            "text": "Ignored",
            "screen": "ussd_root",
            "session": 229,
            "response": ""
        }
    },
    {
        "pk": 534,
        "model": "ussd.navigation",
        "fields": {
            "date": "2012-02-20 22:43:31",
            "text": "Ignored",
            "screen": "ussd_root",
            "session": 230,
            "response": ""
        }
    },
    {
        "pk": 535,
        "model": "ussd.navigation",
        "fields": {
            "date": "2012-02-20 22:43:43",
            "text": "Ignored",
            "screen": "ussd_root",
            "session": 231,
            "response": ""
        }
    },
    {
        "pk": 536,
        "model": "ussd.navigation",
        "fields": {
            "date": "2012-02-20 22:43:49",
            "text": "Ignored",
            "screen": "ussd_root",
            "session": 232,
            "response": ""
        }
    },
    {
        "pk": 537,
        "model": "ussd.navigation",
        "fields": {
            "date": "2012-02-20 22:44:28",
            "text": "Ignored",
            "screen": "ussd_root",
            "session": 233,
            "response": ""
        }
    },
    {
        "pk": 538,
        "model": "ussd.navigation",
        "fields": {
            "date": "2012-02-20 22:45:15",
            "text": "1. This Week's Poll\n2. Poll Results\n3. Send Report",
            "screen": "ussd_root",
            "session": 234,
            "response": "1"
        }
    },
    {
        "pk": 539,
        "model": "ussd.navigation",
        "fields": {
            "date": "2012-02-20 22:45:30",
            "text": "6th Feb is day of zero tolerance to female circumcision.We know its illegal but is still practiced so is the culture more important than the law?YES or NO\r\n",
            "screen": "weekly_poll",
            "session": 234,
            "response": ""
        }
    },
    {
        "pk": 586,
        "model": "ussd.navigation",
        "fields": {
            "date": "2012-02-20 23:37:02",
            "text": "1. This Week's Poll\n2. Poll Results\n3. Send Report",
            "screen": "ussd_root",
            "session": 254,
            "response": "1"
        }
    },
    {
        "pk": 562,
        "model": "ussd.navigation",
        "fields": {
            "date": "2012-02-20 22:56:22",
            "text": "1. This Week's Poll\n2. Poll Results\n3. Send Report",
            "screen": "ussd_root",
            "session": 242,
            "response": "1"
        }
    },
    {
        "pk": 563,
        "model": "ussd.navigation",
        "fields": {
            "date": "2012-02-20 22:56:30",
            "text": "6th Feb is day of zero tolerance to female circumcision.We know its illegal but is still practiced so is the culture more important than the law?YES or NO\r\n",
            "screen": "weekly_poll",
            "session": 242,
            "response": ""
        }
    },
    {
        "pk": 587,
        "model": "ussd.navigation",
        "fields": {
            "date": "2012-02-20 23:37:12",
            "text": "6th Feb is day of zero tolerance to female circumcision.We know its illegal but is still practiced so is the culture more important than the law?YES or NO\r\n",
            "screen": "weekly_poll",
            "session": 254,
            "response": ""
        }
    },
    {
        "pk": 611,
        "model": "ussd.navigation",
        "fields": {
            "date": "2012-02-21 09:27:34",
            "text": "6th Feb is day of zero tolerance to female circumcision.We know its illegal but is still practiced so is the culture more important than the law?YES or NO\r\n",
            "screen": "weekly_poll",
            "session": 265,
            "response": ""
        }
    },
    {
        "pk": 660,
        "model": "ussd.navigation",
        "fields": {
            "date": "2012-02-21 10:17:24",
            "text": "1. This Week's Poll\n2. Poll Results\n3. Send Report",
            "screen": "ussd_root",
            "session": 278,
            "response": "2"
        }
    },
    {
        "pk": 618,
        "model": "ussd.navigation",
        "fields": {
            "date": "2012-02-21 09:42:38",
            "text": "Invalid Menu Option.\n",
            "screen": "ussd_root2",
            "session": 1,
            "response": "1"
        }
    },
    {
        "pk": 619,
        "model": "ussd.navigation",
        "fields": {
            "date": "2012-02-21 09:45:12",
            "text": "Invalid Menu Option.\n",
            "screen": "ussd_root2",
            "session": 1,
            "response": ""
        }
    },
    {
        "pk": 620,
        "model": "ussd.navigation",
        "fields": {
            "date": "2012-02-21 09:45:17",
            "text": "Invalid Menu Option.\n",
            "screen": "ussd_root2",
            "session": 1,
            "response": "1"
        }
    },
    {
        "pk": 621,
        "model": "ussd.navigation",
        "fields": {
            "date": "2012-02-21 09:45:25",
            "text": "Invalid Menu Option.\n",
            "screen": "ussd_root2",
            "session": 1,
            "response": ""
        }
    },
    {
        "pk": 640,
        "model": "ussd.navigation",
        "fields": {
            "date": "2012-02-21 09:52:30",
            "text": "Invalid Menu Option.\n",
            "screen": "ussd_root2",
            "session": 273,
            "response": "2"
        }
    },
    {
        "pk": 641,
        "model": "ussd.navigation",
        "fields": {
            "date": "2012-02-21 09:52:44",
            "text": "Invalid Menu Option.\n",
            "screen": "ussd_root2",
            "session": 273,
            "response": ""
        }
    },
    {
        "pk": 661,
        "model": "ussd.navigation",
        "fields": {
            "date": "2012-02-21 10:17:37",
            "text": "1. 1FGM - Culture\n2. 2FGM Alert\n3. 3FGM - Awareness\n#. Back",
            "screen": "ussd_root3",
            "session": 278,
            "response": "2"
        }
    },
    {
        "pk": 662,
        "model": "ussd.navigation",
        "fields": {
            "date": "2012-02-21 10:17:50",
            "text": "2. no:62% unknown:16% yes:21% \n#. Back",
            "screen": "res2",
            "session": 278,
            "response": ""
        }
    },
    {
        "pk": 663,
        "model": "ussd.navigation",
        "fields": {
            "date": "2012-02-21 10:18:18",
            "text": "1. This Week's Poll\n2. Poll Results\n3. Send Report",
            "screen": "ussd_root",
            "session": 279,
            "response": "3"
        }
    },
    {
        "pk": 664,
        "model": "ussd.navigation",
        "fields": {
            "date": "2012-02-21 10:18:33",
            "text": "Enter Message:",
            "screen": "send_report",
            "session": 279,
            "response": "hello moto"
        }
    },
    {
        "pk": 665,
        "model": "ussd.navigation",
        "fields": {
            "date": "2012-02-21 10:19:06",
            "text": "Thanks For Your Response",
            "screen": "report_response",
            "session": 279,
            "response": ""
        }
    },
    {
        "pk": 643,
        "model": "ussd.navigation",
        "fields": {
            "date": "2012-02-21 09:53:20",
            "text": "6th Feb is day of zero tolerance to female circumcision.We know its illegal but is still practiced so is the culture more important than the law?YES or NO\r\n",
            "screen": "weekly_poll",
            "session": 269,
            "response": "1"
        }
    },
    {
        "pk": 651,
        "model": "ussd.navigation",
        "fields": {
            "date": "2012-02-21 10:11:49",
            "text": "Cultural practices are important to our identity, but when they violate human rights or risk death they should be stopped.",
            "screen": "question_response",
            "session": 269,
            "response": ""
        }
    },
    {
        "pk": 655,
        "model": "ussd.navigation",
        "fields": {
            "date": "2012-02-21 10:13:39",
            "text": "1. This Week's Poll\n2. Poll Results\n3. Send Report",
            "screen": "ussd_root",
            "session": 276,
            "response": "1"
        }
    },
    {
        "pk": 656,
        "model": "ussd.navigation",
        "fields": {
            "date": "2012-02-21 10:14:53",
            "text": "6th Feb is day of zero tolerance to female circumcision.We know its illegal but is still practiced so is the culture more important than the law?YES or NO\r\n",
            "screen": "weekly_poll",
            "session": 276,
            "response": ""
        }
    },
    {
        "pk": 657,
        "model": "ussd.navigation",
        "fields": {
            "date": "2012-02-21 10:15:32",
            "text": "1. This Week's Poll\n2. Poll Results\n3. Send Report",
            "screen": "ussd_root",
            "session": 277,
            "response": "1"
        }
    },
    {
        "pk": 658,
        "model": "ussd.navigation",
        "fields": {
            "date": "2012-02-21 10:15:40",
            "text": "6th Feb is day of zero tolerance to female circumcision.We know its illegal but is still practiced so is the culture more important than the law?YES or NO\r\n",
            "screen": "weekly_poll",
            "session": 277,
            "response": "yes"
        }
    },
    {
        "pk": 659,
        "model": "ussd.navigation",
        "fields": {
            "date": "2012-02-21 10:16:19",
            "text": "Cultural practices are important to our identity, but when they violate human rights or risk death they should be stopped.",
            "screen": "question_response",
            "session": 277,
            "response": ""
        }
    },
    {
        "pk": 679,
        "model": "ussd.navigation",
        "fields": {
            "date": "2012-02-21 12:43:51",
            "text": "1. This Week's Poll\n2. Poll Results\n3. Send Report",
            "screen": "ussd_root",
            "session": 285,
            "response": "1"
        }
    },
    {
        "pk": 680,
        "model": "ussd.navigation",
        "fields": {
            "date": "2012-02-21 12:44:55",
            "text": "6th Feb is day of zero tolerance to female circumcision.We know its illegal but is still practiced so is the culture more important than the law?YES or NO\r\n",
            "screen": "weekly_poll",
            "session": 285,
            "response": ""
        }
    },
    {
        "pk": 681,
        "model": "ussd.navigation",
        "fields": {
            "date": "2012-02-21 12:46:50",
            "text": "1. This Week's Poll\n2. Poll Results\n3. Send Report",
            "screen": "ussd_root",
            "session": 286,
            "response": "1"
        }
    },
    {
        "pk": 682,
        "model": "ussd.navigation",
        "fields": {
            "date": "2012-02-21 12:47:18",
            "text": "6th Feb is day of zero tolerance to female circumcision.We know its illegal but is still practiced so is the culture more important than the law?YES or NO\r\n",
            "screen": "weekly_poll",
            "session": 286,
            "response": "1"
        }
    },
    {
        "pk": 683,
        "model": "ussd.navigation",
        "fields": {
            "date": "2012-02-21 12:47:47",
            "text": "Cultural practices are important to our identity, but when they violate human rights or risk death they should be stopped.",
            "screen": "question_response",
            "session": 286,
            "response": ""
        }
    },
    {
        "pk": 684,
        "model": "ussd.navigation",
        "fields": {
            "date": "2012-02-21 12:52:00",
            "text": "1. This Week's Poll\n2. Poll Results\n3. Send Report",
            "screen": "ussd_root",
            "session": 287,
            "response": "2"
        }
    },
    {
        "pk": 685,
        "model": "ussd.navigation",
        "fields": {
            "date": "2012-02-21 12:52:11",
            "text": "1. 1FGM - Culture\n2. 2FGM Alert\n3. 3FGM - Awareness\n#. Back",
            "screen": "ussd_root3",
            "session": 287,
            "response": "3"
        }
    },
    {
        "pk": 687,
        "model": "ussd.navigation",
        "fields": {
            "date": "2012-02-21 12:52:33",
            "text": "3. Results coming later\n#. Back",
            "screen": "res3",
            "session": 287,
            "response": ""
        }
    },
    {
        "pk": 686,
        "model": "ussd.navigation",
        "fields": {
            "date": "2012-02-21 12:52:32",
            "text": "1. This Week's Poll\n2. Poll Results\n3. Send Report",
            "screen": "ussd_root",
            "session": 288,
            "response": "1"
        }
    },
    {
        "pk": 688,
        "model": "ussd.navigation",
        "fields": {
            "date": "2012-02-21 12:53:33",
            "text": "6th Feb is day of zero tolerance to female circumcision.We know its illegal but is still practiced so is the culture more important than the law?YES or NO\r\n",
            "screen": "weekly_poll",
            "session": 288,
            "response": ""
        }
    },
    {
        "pk": 689,
        "model": "ussd.navigation",
        "fields": {
            "date": "2012-02-21 12:54:05",
            "text": "1. This Week's Poll\n2. Poll Results\n3. Send Report",
            "screen": "ussd_root",
            "session": 289,
            "response": "2"
        }
    },
    {
        "pk": 691,
        "model": "ussd.navigation",
        "fields": {
            "date": "2012-02-21 12:54:21",
            "text": "1. 1FGM - Culture\n2. 2FGM Alert\n3. 3FGM - Awareness\n#. Back",
            "screen": "ussd_root3",
            "session": 289,
            "response": ""
        }
    },
    {
        "pk": 690,
        "model": "ussd.navigation",
        "fields": {
            "date": "2012-02-21 12:54:14",
            "text": "1. This Week's Poll\n2. Poll Results\n3. Send Report",
            "screen": "ussd_root",
            "session": 290,
            "response": "2"
        }
    },
    {
        "pk": 692,
        "model": "ussd.navigation",
        "fields": {
            "date": "2012-02-21 12:54:33",
            "text": "1. 1FGM - Culture\n2. 2FGM Alert\n3. 3FGM - Awareness\n#. Back",
            "screen": "ussd_root3",
            "session": 290,
            "response": "1"
        }
    },
    {
        "pk": 693,
        "model": "ussd.navigation",
        "fields": {
            "date": "2012-02-21 12:55:00",
            "text": "1. Results coming later\n#. Back",
            "screen": "res1",
            "session": 290,
            "response": ""
        }
    },
    {
        "pk": 694,
        "model": "ussd.navigation",
        "fields": {
            "date": "2012-02-21 12:55:53",
            "text": "1. This Week's Poll\n2. Poll Results\n3. Send Report",
            "screen": "ussd_root",
            "session": 291,
            "response": "3"
        }
    },
    {
        "pk": 695,
        "model": "ussd.navigation",
        "fields": {
            "date": "2012-02-21 12:56:30",
            "text": "Enter Message:",
            "screen": "send_report",
            "session": 291,
            "response": "ABCD"
        }
    },
    {
        "pk": 696,
        "model": "ussd.navigation",
        "fields": {
            "date": "2012-02-21 12:56:50",
            "text": "Thanks For Your Response",
            "screen": "report_response",
            "session": 291,
            "response": ""
        }
    },
    {
        "pk": 697,
        "model": "ussd.navigation",
        "fields": {
            "date": "2012-02-21 12:59:39",
            "text": "1. This Week's Poll\n2. Poll Results\n3. Send Report",
            "screen": "ussd_root",
            "session": 292,
            "response": "1"
        }
    },
    {
        "pk": 698,
        "model": "ussd.navigation",
        "fields": {
            "date": "2012-02-21 12:59:51",
            "text": "6th Feb is day of zero tolerance to female circumcision.We know its illegal but is still practiced so is the culture more important than the law?YES or NO\r\n",
            "screen": "weekly_poll",
            "session": 292,
            "response": ""
        }
    },
    {
        "pk": 699,
        "model": "ussd.navigation",
        "fields": {
            "date": "2012-02-21 13:00:35",
            "text": "1. This Week's Poll\n2. Poll Results\n3. Send Report",
            "screen": "ussd_root",
            "session": 293,
            "response": "2"
        }
    },
    {
        "pk": 722,
        "model": "ussd.navigation",
        "fields": {
            "date": "2012-02-21 15:32:30",
            "text": "1. This Week's Poll\n2. Poll Results\n3. Send Report",
            "screen": "ussd_root",
            "session": 303,
            "response": ""
        }
    },
    {
        "pk": 541,
        "model": "ussd.navigation",
        "fields": {
            "date": "2012-02-20 22:45:57",
            "text": "1. This Week's Poll\n2. Poll Results\n3. Send Report",
            "screen": "ussd_root",
            "session": 235,
            "response": "2"
        }
    },
    {
        "pk": 565,
        "model": "ussd.navigation",
        "fields": {
            "date": "2012-02-20 22:59:27",
            "text": "1. This Week's Poll\n3. Send Report",
            "screen": "ussd_root",
            "session": 243,
            "response": ""
        }
    },
    {
        "pk": 566,
        "model": "ussd.navigation",
        "fields": {
            "date": "2012-02-20 23:01:15",
            "text": "1. This Week's Poll\n3. Send Report",
            "screen": "ussd_root",
            "session": 244,
            "response": ""
        }
    },
    {
        "pk": 567,
        "model": "ussd.navigation",
        "fields": {
            "date": "2012-02-20 23:03:41",
            "text": "1. This Week's Poll\n3. Send Report",
            "screen": "ussd_root",
            "session": 245,
            "response": ""
        }
    },
    {
        "pk": 568,
        "model": "ussd.navigation",
        "fields": {
            "date": "2012-02-20 23:05:07",
            "text": "1. This Week's Poll\n3. Send Report",
            "screen": "ussd_root",
            "session": 246,
            "response": ""
        }
    },
    {
        "pk": 569,
        "model": "ussd.navigation",
        "fields": {
            "date": "2012-02-20 23:08:21",
            "text": "1. This Week's Poll\n2. Poll Results\n3. Send Report",
            "screen": "ussd_root",
            "session": 247,
            "response": "1"
        }
    },
    {
        "pk": 570,
        "model": "ussd.navigation",
        "fields": {
            "date": "2012-02-20 23:08:30",
            "text": "6th Feb is day of zero tolerance to female circumcision.We know its illegal but is still practiced so is the culture more important than the law?YES or NO\r\n",
            "screen": "weekly_poll",
            "session": 247,
            "response": ""
        }
    },
    {
        "pk": 589,
        "model": "ussd.navigation",
        "fields": {
            "date": "2012-02-20 23:37:49",
            "text": "1. This Week's Poll\n2. Poll Results\n3. Send Report",
            "screen": "ussd_root",
            "session": 255,
            "response": "1"
        }
    },
    {
        "pk": 590,
        "model": "ussd.navigation",
        "fields": {
            "date": "2012-02-20 23:38:23",
            "text": "6th Feb is day of zero tolerance to female circumcision.We know its illegal but is still practiced so is the culture more important than the law?YES or NO\r\n",
            "screen": "weekly_poll",
            "session": 255,
            "response": ""
        }
    },
    {
        "pk": 591,
        "model": "ussd.navigation",
        "fields": {
            "date": "2012-02-20 23:38:27",
            "text": "1. This Week's Poll\n2. Poll Results\n3. Send Report",
            "screen": "ussd_root",
            "session": 256,
            "response": "1"
        }
    },
    {
        "pk": 592,
        "model": "ussd.navigation",
        "fields": {
            "date": "2012-02-20 23:38:35",
            "text": "6th Feb is day of zero tolerance to female circumcision.We know its illegal but is still practiced so is the culture more important than the law?YES or NO\r\n",
            "screen": "weekly_poll",
            "session": 256,
            "response": ""
        }
    },
    {
        "pk": 613,
        "model": "ussd.navigation",
        "fields": {
            "date": "2012-02-21 09:28:59",
            "text": "Invalid Menu Option.\n",
            "screen": "ussd_root2",
            "session": 1,
            "response": "1"
        }
    },
    {
        "pk": 622,
        "model": "ussd.navigation",
        "fields": {
            "date": "2012-02-21 09:46:05",
            "text": "1. This Week's Poll\n2. Poll Results\n3. Send Report",
            "screen": "ussd_root",
            "session": 267,
            "response": ""
        }
    },
    {
        "pk": 624,
        "model": "ussd.navigation",
        "fields": {
            "date": "2012-02-21 09:46:51",
            "text": "6th Feb is day of zero tolerance to female circumcision.We know its illegal but is still practiced so is the culture more important than the law?YES or NO\r\n",
            "screen": "weekly_poll",
            "session": 268,
            "response": "5"
        }
    },
    {
        "pk": 625,
        "model": "ussd.navigation",
        "fields": {
            "date": "2012-02-21 09:47:00",
            "text": "",
            "screen": "ussd_root2",
            "session": 268,
            "response": ""
        }
    },
    {
        "pk": 723,
        "model": "ussd.navigation",
        "fields": {
            "date": "2012-02-21 15:35:28",
            "text": "1. This Week's Poll\n2. Poll Results\n3. Send Report",
            "screen": "ussd_root",
            "session": 304,
            "response": "242500108985556"
        }
    },
    {
        "pk": 724,
        "model": "ussd.navigation",
        "fields": {
            "date": "2012-02-21 15:35:44",
            "text": "Invalid Menu Option.\n1. This Week's Poll\n2. Poll Results\n3. Send Report",
            "screen": "ussd_root",
            "session": 304,
            "response": "2"
        }
    },
    {
        "pk": 725,
        "model": "ussd.navigation",
        "fields": {
            "date": "2012-02-21 15:35:57",
            "text": "1. 1FGM - Culture\n2. 2FGM Alert\n3. 3FGM - Awareness\n#. Back",
            "screen": "ussd_root3",
            "session": 304,
            "response": "1"
        }
    },
    {
        "pk": 726,
        "model": "ussd.navigation",
        "fields": {
            "date": "2012-02-21 15:36:14",
            "text": "1. Results coming later\n#. Back",
            "screen": "res1",
            "session": 304,
            "response": ""
        }
    },
    {
        "pk": 727,
        "model": "ussd.navigation",
        "fields": {
            "date": "2012-02-21 15:37:27",
            "text": "1. This Week's Poll\n2. Poll Results\n3. Send Report",
            "screen": "ussd_root",
            "session": 305,
            "response": "342500108985553"
        }
    },
    {
        "pk": 728,
        "model": "ussd.navigation",
        "fields": {
            "date": "2012-02-21 15:37:42",
            "text": "Invalid Menu Option.\n1. This Week's Poll\n2. Poll Results\n3. Send Report",
            "screen": "ussd_root",
            "session": 305,
            "response": ""
        }
    },
    {
        "pk": 763,
        "model": "ussd.navigation",
        "fields": {
            "date": "2012-02-22 13:17:00",
            "text": "1. This Week's Poll\n2. Poll Results\n3. Send Report",
            "screen": "ussd_root",
            "session": 319,
            "response": "1"
        }
    },
    {
        "pk": 775,
        "model": "ussd.navigation",
        "fields": {
            "date": "2012-02-22 16:57:16",
            "text": "1. This Week's Poll\n2. Poll Results\n3. Send Report",
            "screen": "ussd_root",
            "session": 323,
            "response": ""
        }
    },
    {
        "pk": 776,
        "model": "ussd.navigation",
        "fields": {
            "date": "2012-02-22 16:57:50",
            "text": "1. This Week's Poll\n2. Poll Results\n3. Send Report",
            "screen": "ussd_root",
            "session": 324,
            "response": "164101002BD106F"
        }
    },
    {
        "pk": 777,
        "model": "ussd.navigation",
        "fields": {
            "date": "2012-02-22 16:58:09",
            "text": "Invalid Menu Option.\n1. This Week's Poll\n2. Poll Results\n3. Send Report",
            "screen": "ussd_root",
            "session": 324,
            "response": ""
        }
    },
    {
        "pk": 778,
        "model": "ussd.navigation",
        "fields": {
            "date": "2012-02-22 17:14:13",
            "text": "1. This Week's Poll\n2. Poll Results\n3. Send Report",
            "screen": "ussd_root",
            "session": 325,
            "response": ""
        }
    },
    {
        "pk": 779,
        "model": "ussd.navigation",
        "fields": {
            "date": "2012-02-22 17:14:39",
            "text": "1. This Week's Poll\n2. Poll Results\n3. Send Report",
            "screen": "ussd_root",
            "session": 326,
            "response": "364101002BD106F"
        }
    },
    {
        "pk": 780,
        "model": "ussd.navigation",
        "fields": {
            "date": "2012-02-22 17:14:54",
            "text": "Invalid Menu Option.\n1. This Week's Poll\n2. Poll Results\n3. Send Report",
            "screen": "ussd_root",
            "session": 326,
            "response": ""
        }
    },
    {
        "pk": 781,
        "model": "ussd.navigation",
        "fields": {
            "date": "2012-02-22 17:50:45",
            "text": "1. This Week's Poll\n2. Poll Results\n3. Send Report",
            "screen": "ussd_root",
            "session": 327,
            "response": ""
        }
    },
    {
        "pk": 782,
        "model": "ussd.navigation",
        "fields": {
            "date": "2012-02-22 20:18:44",
            "text": "1. This Week's Poll\n2. Poll Results\n3. Send Report",
            "screen": "ussd_root",
            "session": 328,
            "response": "2"
        }
    },
    {
        "pk": 783,
        "model": "ussd.navigation",
        "fields": {
            "date": "2012-02-22 20:18:54",
            "text": "1. FGM - Culture\n2. FGM - Awareness\n3. Solar Power Equip Availability\n0. Back",
            "screen": "ussd_root3",
            "session": 328,
            "response": "3"
        }
    },
    {
        "pk": 784,
        "model": "ussd.navigation",
        "fields": {
            "date": "2012-02-22 20:19:08",
            "text": "1. no:49% yes:49% uncategorized:1% \n0. Back",
            "screen": "res3",
            "session": 328,
            "response": "0"
        }
    },
    {
        "pk": 785,
        "model": "ussd.navigation",
        "fields": {
            "date": "2012-02-22 20:19:38",
            "text": "Invalid Menu Option.\n1. no:49% yes:49% uncategorized:1% \n0. Back",
            "screen": "res3",
            "session": 328,
            "response": "0"
        }
    },
    {
        "pk": 786,
        "model": "ussd.navigation",
        "fields": {
            "date": "2012-02-22 20:19:49",
            "text": "Invalid Menu Option.\n1. no:49% yes:49% uncategorized:1% \n0. Back",
            "screen": "res3",
            "session": 328,
            "response": "o"
        }
    },
    {
        "pk": 787,
        "model": "ussd.navigation",
        "fields": {
            "date": "2012-02-22 20:19:58",
            "text": "Invalid Menu Option.\n1. no:49% yes:49% uncategorized:1% \n0. Back",
            "screen": "res3",
            "session": 328,
            "response": "1"
        }
    },
    {
        "pk": 788,
        "model": "ussd.navigation",
        "fields": {
            "date": "2012-02-22 20:20:06",
            "text": "0. Back",
            "screen": "res31",
            "session": 328,
            "response": ""
        }
    },
    {
        "pk": 789,
        "model": "ussd.navigation",
        "fields": {
            "date": "2012-02-22 20:25:14",
            "text": "1. This Week's Poll\n2. Poll Results\n3. Send Report",
            "screen": "ussd_root",
            "session": 329,
            "response": "3"
        }
    },
    {
        "pk": 790,
        "model": "ussd.navigation",
        "fields": {
            "date": "2012-02-22 20:25:33",
            "text": "Enter Message:",
            "screen": "send_report",
            "session": 329,
            "response": ""
        }
    },
    {
        "pk": 791,
        "model": "ussd.navigation",
        "fields": {
            "date": "2012-02-22 20:26:23",
            "text": "1. This Week's Poll\n2. Poll Results\n3. Send Report",
            "screen": "ussd_root",
            "session": 330,
            "response": ""
        }
    },
    {
        "pk": 803,
        "model": "ussd.navigation",
        "fields": {
            "date": "2012-02-22 21:22:28",
            "text": "1. This Week's Poll\n2. Poll Results\n3. Send Report",
            "screen": "ussd_root",
            "session": 335,
            "response": "1"
        }
    },
    {
        "pk": 804,
        "model": "ussd.navigation",
        "fields": {
            "date": "2012-02-22 21:22:52",
            "text": "6th Feb is day of zero tolerance to female circumcision.We know its illegal but is still practiced so is the culture more important than the law?1.Yes 2. No",
            "screen": "weekly_poll",
            "session": 335,
            "response": ""
        }
    },
    {
        "pk": 806,
        "model": "ussd.navigation",
        "fields": {
            "date": "2012-02-22 22:07:31",
            "text": "1. This Week's Poll\n2. Poll Results\n3. Send Report",
            "screen": "ussd_root",
            "session": 337,
            "response": "1"
        }
    },
    {
        "pk": 807,
        "model": "ussd.navigation",
        "fields": {
            "date": "2012-02-22 22:07:50",
            "text": "6th Feb is day of zero tolerance to female circumcision.We know its illegal but is still practiced so is the culture more important than the law?1.Yes 2. No",
            "screen": "weekly_poll",
            "session": 337,
            "response": ""
        }
    },
    {
        "pk": 811,
        "model": "ussd.navigation",
        "fields": {
            "date": "2012-02-23 02:25:25",
            "text": "1. This Week's Poll\n2. Poll Results\n3. Send Report",
            "screen": "ussd_root",
            "session": 339,
            "response": "1"
        }
    },
    {
        "pk": 812,
        "model": "ussd.navigation",
        "fields": {
            "date": "2012-02-23 02:25:35",
            "text": "6th Feb is day of zero tolerance to female circumcision.We know its illegal but is still practiced so is the culture more important than the law?1.Yes 2. No",
            "screen": "weekly_poll",
            "session": 339,
            "response": "1"
        }
    },
    {
        "pk": 813,
        "model": "ussd.navigation",
        "fields": {
            "date": "2012-02-23 02:25:50",
            "text": "Cultural practices are important to our identity, but when they violate human rights or risk death they should be stopped.",
            "screen": "question_response",
            "session": 339,
            "response": ""
        }
    },
    {
        "pk": 814,
        "model": "ussd.navigation",
        "fields": {
            "date": "2012-02-23 02:26:13",
            "text": "1. This Week's Poll\n2. Poll Results\n3. Send Report",
            "screen": "ussd_root",
            "session": 340,
            "response": "2"
        }
    },
    {
        "pk": 815,
        "model": "ussd.navigation",
        "fields": {
            "date": "2012-02-23 02:26:20",
            "text": "1. FGM - Culture\n2. FGM - Awareness\n3. Solar Power Equip Availability\n0. Back",
            "screen": "ussd_root3",
            "session": 340,
            "response": "3"
        }
    },
    {
        "pk": 816,
        "model": "ussd.navigation",
        "fields": {
            "date": "2012-02-23 02:26:30",
            "text": "1. no:49% yes:49% uncategorized:1% \n0. Back",
            "screen": "res3",
            "session": 340,
            "response": "0"
        }
    },
    {
        "pk": 817,
        "model": "ussd.navigation",
        "fields": {
            "date": "2012-02-23 02:26:45",
            "text": "Invalid Menu Option.\n1. no:49% yes:49% uncategorized:1% \n0. Back",
            "screen": "res3",
            "session": 340,
            "response": "1"
        }
    },
    {
        "pk": 818,
        "model": "ussd.navigation",
        "fields": {
            "date": "2012-02-23 02:26:56",
            "text": "0. Back",
            "screen": "res31",
            "session": 340,
            "response": ""
        }
    },
    {
        "pk": 819,
        "model": "ussd.navigation",
        "fields": {
            "date": "2012-02-23 02:27:08",
            "text": "1. This Week's Poll\n2. Poll Results\n3. Send Report",
            "screen": "ussd_root",
            "session": 341,
            "response": "2"
        }
    },
    {
        "pk": 820,
        "model": "ussd.navigation",
        "fields": {
            "date": "2012-02-23 02:27:15",
            "text": "1. FGM - Culture\n2. FGM - Awareness\n3. Solar Power Equip Availability\n0. Back",
            "screen": "ussd_root3",
            "session": 341,
            "response": "2"
        }
    },
    {
        "pk": 821,
        "model": "ussd.navigation",
        "fields": {
            "date": "2012-02-23 02:27:23",
            "text": "1. no:14% unknown:8% yes:76% \n0. Back",
            "screen": "res2",
            "session": 341,
            "response": "0"
        }
    },
    {
        "pk": 822,
        "model": "ussd.navigation",
        "fields": {
            "date": "2012-02-23 02:27:33",
            "text": "Invalid Menu Option.\n1. no:14% unknown:8% yes:76% \n0. Back",
            "screen": "res2",
            "session": 341,
            "response": "0"
        }
    },
    {
        "pk": 823,
        "model": "ussd.navigation",
        "fields": {
            "date": "2012-02-23 02:27:40",
            "text": "Invalid Menu Option.\n1. no:14% unknown:8% yes:76% \n0. Back",
            "screen": "res2",
            "session": 341,
            "response": "0"
        }
    },
    {
        "pk": 824,
        "model": "ussd.navigation",
        "fields": {
            "date": "2012-02-23 02:27:46",
            "text": "Invalid Menu Option.\n1. no:14% unknown:8% yes:76% \n0. Back",
            "screen": "res2",
            "session": 341,
            "response": "0"
        }
    },
    {
        "pk": 825,
        "model": "ussd.navigation",
        "fields": {
            "date": "2012-02-23 02:27:51",
            "text": "Invalid Menu Option.\n1. no:14% unknown:8% yes:76% \n0. Back",
            "screen": "res2",
            "session": 341,
            "response": ""
        }
    },
    {
        "pk": 826,
        "model": "ussd.navigation",
        "fields": {
            "date": "2012-02-23 09:18:07",
            "text": "1. This Week's Poll\n2. Poll Results\n3. Send Report",
            "screen": "ussd_root",
            "session": 342,
            "response": "1"
        }
    },
    {
        "pk": 827,
        "model": "ussd.navigation",
        "fields": {
            "date": "2012-02-23 09:18:58",
            "text": "6th Feb is day of zero tolerance to female circumcision.We know its illegal but is still practiced so is the culture more important than the law?1.Yes 2. No",
            "screen": "weekly_poll",
            "session": 342,
            "response": ""
        }
    },
    {
        "pk": 828,
        "model": "ussd.navigation",
        "fields": {
            "date": "2012-02-23 09:21:02",
            "text": "1. This Week's Poll\n2. Poll Results\n3. Send Report",
            "screen": "ussd_root",
            "session": 343,
            "response": "1"
        }
    },
    {
        "pk": 829,
        "model": "ussd.navigation",
        "fields": {
            "date": "2012-02-23 09:21:11",
            "text": "6th Feb is day of zero tolerance to female circumcision.We know its illegal but is still practiced so is the culture more important than the law?1.Yes 2. No",
            "screen": "weekly_poll",
            "session": 343,
            "response": ""
        }
    },
    {
        "pk": 830,
        "model": "ussd.navigation",
        "fields": {
            "date": "2012-02-23 11:09:13",
            "text": "1. This Week's Poll\n2. Poll Results\n3. Send Report",
            "screen": "ussd_root",
            "session": 344,
            "response": "1"
        }

    }
    ,
    {
        "pk": 34,
        "model": "rapidsms_xforms.xform",
        "fields": {
            "name": "poll",
            "keyword": "poll",
            "created": "2012-02-20 22:17:38",
            "restrict_message": null,
            "modified": "2012-02-20 22:40:22",
            "site": 1,
            "owner": 1,
            "separator": null,
            "restrict_to": [],
            "active": true,
            "command_prefix": "+",
            "response": "thanks for your response",
            "keyword_prefix": null,
            "description": ""
        }
    },
    {
        "pk": 177,
        "model": "rapidsms_xforms.xformfield",
        "fields": {
            "field_type": "text",
            "question": "6th Feb is day of zero tolerance to female circumcision.We know its illegal but is still practiced so is the culture more important than the law?1.Yes 2. No",
            "command": "poll_186",
            "order": 1,
            "xform": 34
        }
    },
    {
        "pk": 178,
        "model": "rapidsms_xforms.xformfield",
        "fields": {
            "field_type": "text",
            "question": "Enter Message:",
            "command": "question3",
            "order": 3,
            "xform": 34
        }
    },
    {
        "pk": 7400,
        "model": "rapidsms_xforms.xformsubmission",
        "fields": {
            "created": "2012-02-21 00:01:55",
            "has_errors": false,
            "raw": "",
            "connection": 92170,
            "confirmation_id": 2,
            "message": null,
            "type": "",
            "xform": 34
        }
    },
    {
        "pk": 7389,
        "model": "rapidsms_xforms.xformsubmission",
        "fields": {
            "created": "2012-02-20 22:51:35",
            "has_errors": false,
            "raw": "",
            "connection": 92181,
            "confirmation_id": 1,
            "message": null,
            "type": "",
            "xform": 34
        }
    },
    {
        "pk": 7403,
        "model": "rapidsms_xforms.xformsubmission",
        "fields": {
            "created": "2012-02-21 09:47:00",
            "has_errors": false,
            "raw": "",
            "connection": 92170,
            "confirmation_id": 3,
            "message": null,
            "type": "",
            "xform": 34
        }
    },
    {
        "pk": 7404,
        "model": "rapidsms_xforms.xformsubmission",
        "fields": {
            "created": "2012-02-21 09:49:56",
            "has_errors": false,
            "raw": "",
            "connection": 92170,
            "confirmation_id": 4,
            "message": null,
            "type": "",
            "xform": 34
        }
    },
    {
        "pk": 7405,
        "model": "rapidsms_xforms.xformsubmission",
        "fields": {
            "created": "2012-02-21 09:50:44",
            "has_errors": false,
            "raw": "",
            "connection": 92170,
            "confirmation_id": 5,
            "message": null,
            "type": "",
            "xform": 34
        }
    },
    {
        "pk": 7406,
        "model": "rapidsms_xforms.xformsubmission",
        "fields": {
            "created": "2012-02-21 09:51:59",
            "has_errors": false,
            "raw": "",
            "connection": 92170,
            "confirmation_id": 6,
            "message": null,
            "type": "",
            "xform": 34
        }
    },
    {
        "pk": 7408,
        "model": "rapidsms_xforms.xformsubmission",
        "fields": {
            "created": "2012-02-21 09:54:40",
            "has_errors": false,
            "raw": "",
            "connection": 92170,
            "confirmation_id": 8,
            "message": null,
            "type": "",
            "xform": 34
        }
    },
    {
        "pk": 7407,
        "model": "rapidsms_xforms.xformsubmission",
        "fields": {
            "created": "2012-02-21 09:53:24",
            "has_errors": false,
            "raw": "",
            "connection": 92170,
            "confirmation_id": 7,
            "message": null,
            "type": "",
            "xform": 34
        }
    },
    {
        "pk": 7409,
        "model": "rapidsms_xforms.xformsubmission",
        "fields": {
            "created": "2012-02-21 10:12:22",
            "has_errors": false,
            "raw": "",
            "connection": 92170,
            "confirmation_id": 9,
            "message": null,
            "type": "",
            "xform": 34
        }
    },
    {
        "pk": 7410,
        "model": "rapidsms_xforms.xformsubmission",
        "fields": {
            "created": "2012-02-21 10:16:19",
            "has_errors": false,
            "raw": "",
            "connection": 92170,
            "confirmation_id": 10,
            "message": null,
            "type": "",
            "xform": 34
        }
    },
    {
        "pk": 7411,
        "model": "rapidsms_xforms.xformsubmission",
        "fields": {
            "created": "2012-02-21 10:19:06",
            "has_errors": false,
            "raw": "",
            "connection": 92170,
            "confirmation_id": 11,
            "message": null,
            "type": "",
            "xform": 34
        }
    },
    {
        "pk": 7412,
        "model": "rapidsms_xforms.xformsubmission",
        "fields": {
            "created": "2012-02-21 10:52:53",
            "has_errors": false,
            "raw": "",
            "connection": 92170,
            "confirmation_id": 12,
            "message": null,
            "type": "",
            "xform": 34
        }
    },
    {
        "pk": 7413,
        "model": "rapidsms_xforms.xformsubmission",
        "fields": {
            "created": "2012-02-21 12:31:20",
            "has_errors": false,
            "raw": "",
            "connection": 92227,
            "confirmation_id": 13,
            "message": null,
            "type": "",
            "xform": 34
        }
    },
    {
        "pk": 7414,
        "model": "rapidsms_xforms.xformsubmission",
        "fields": {
            "created": "2012-02-21 12:47:47",
            "has_errors": false,
            "raw": "",
            "connection": 92185,
            "confirmation_id": 14,
            "message": null,
            "type": "",
            "xform": 34
        }
    },
    {
        "pk": 7415,
        "model": "rapidsms_xforms.xformsubmission",
        "fields": {
            "created": "2012-02-21 12:56:50",
            "has_errors": false,
            "raw": "",
            "connection": 92185,
            "confirmation_id": 15,
            "message": null,
            "type": "",
            "xform": 34
        }
    },
    {
        "pk": 7416,
        "model": "rapidsms_xforms.xformsubmission",
        "fields": {
            "created": "2012-02-21 13:51:29",
            "has_errors": false,
            "raw": "",
            "connection": 92229,
            "confirmation_id": 16,
            "message": null,
            "type": "",
            "xform": 34
        }
    },
    {
        "pk": 7417,
        "model": "rapidsms_xforms.xformsubmission",
        "fields": {
            "created": "2012-02-21 14:23:06",
            "has_errors": false,
            "raw": "",
            "connection": 92230,
            "confirmation_id": 17,
            "message": null,
            "type": "",
            "xform": 34
        }
    },
    {
        "pk": 7418,
        "model": "rapidsms_xforms.xformsubmission",
        "fields": {
            "created": "2012-02-21 17:19:51",
            "has_errors": false,
            "raw": "",
            "connection": 92232,
            "confirmation_id": 18,
            "message": null,
            "type": "",
            "xform": 34
        }
    },
    {
        "pk": 7419,
        "model": "rapidsms_xforms.xformsubmission",
        "fields": {
            "created": "2012-02-21 22:21:07",
            "has_errors": false,
            "raw": "",
            "connection": 60907,
            "confirmation_id": 19,
            "message": null,
            "type": "",
            "xform": 34
        }
    },
    {
        "pk": 7420,
        "model": "rapidsms_xforms.xformsubmission",
        "fields": {
            "created": "2012-02-21 23:27:31",
            "has_errors": false,
            "raw": "",
            "connection": 92234,
            "confirmation_id": 20,
            "message": null,
            "type": "",
            "xform": 34
        }
    },
    {
        "pk": 7421,
        "model": "rapidsms_xforms.xformsubmission",
        "fields": {
            "created": "2012-02-22 13:17:32",
            "has_errors": false,
            "raw": "",
            "connection": 92170,
            "confirmation_id": 21,
            "message": null,
            "type": "",
            "xform": 34
        }
    },
    {
        "pk": 7422,
        "model": "rapidsms_xforms.xformsubmission",
        "fields": {
            "created": "2012-02-22 13:29:43",
            "has_errors": false,
            "raw": "",
            "connection": 92170,
            "confirmation_id": 22,
            "message": null,
            "type": "",
            "xform": 34
        }
    },
    {
        "pk": 7423,
        "model": "rapidsms_xforms.xformsubmission",
        "fields": {
            "created": "2012-02-22 20:56:23",
            "has_errors": false,
            "raw": "",
            "connection": 92241,
            "confirmation_id": 23,
            "message": null,
            "type": "",
            "xform": 34
        }
    },
    {
        "pk": 7424,
        "model": "rapidsms_xforms.xformsubmission",
        "fields": {
            "created": "2012-02-22 20:59:17",
            "has_errors": false,
            "raw": "",
            "connection": 92241,
            "confirmation_id": 24,
            "message": null,
            "type": "",
            "xform": 34
        }
    },
    {
        "pk": 7425,
        "model": "rapidsms_xforms.xformsubmission",
        "fields": {
            "created": "2012-02-23 02:25:50",
            "has_errors": false,
            "raw": "",
            "connection": 9429,
            "confirmation_id": 25,
            "message": null,
            "type": "",
            "xform": 34
        }
    },
    {
        "pk": 693552,
        "model": "rapidsms_xforms.xformsubmissionvalue",
        "fields": {
            "submission": 7389
        }
    },
    {
        "pk": 693563,
        "model": "rapidsms_xforms.xformsubmissionvalue",
        "fields": {
            "submission": 7400
        }
    },
    {
        "pk": 693566,
        "model": "rapidsms_xforms.xformsubmissionvalue",
        "fields": {
            "submission": 7403
        }
    },
    {
        "pk": 693567,
        "model": "rapidsms_xforms.xformsubmissionvalue",
        "fields": {
            "submission": 7404
        }
    },
    {
        "pk": 693568,
        "model": "rapidsms_xforms.xformsubmissionvalue",
        "fields": {
            "submission": 7405
        }
    },
    {
        "pk": 693569,
        "model": "rapidsms_xforms.xformsubmissionvalue",
        "fields": {
            "submission": 7406
        }
    },
    {
        "pk": 693572,
        "model": "rapidsms_xforms.xformsubmissionvalue",
        "fields": {
            "submission": 7408
        }
    },
    {
        "pk": 693574,
        "model": "rapidsms_xforms.xformsubmissionvalue",
        "fields": {
            "submission": 7407
        }
    },
    {
        "pk": 693575,
        "model": "rapidsms_xforms.xformsubmissionvalue",
        "fields": {
            "submission": 7409
        }
    },
    {
        "pk": 693576,
        "model": "rapidsms_xforms.xformsubmissionvalue",
        "fields": {
            "submission": 7410
        }
    },
    {
        "pk": 693577,
        "model": "rapidsms_xforms.xformsubmissionvalue",
        "fields": {
            "submission": 7411
        }
    },
    {
        "pk": 693578,
        "model": "rapidsms_xforms.xformsubmissionvalue",
        "fields": {
            "submission": 7412
        }
    },
    {
        "pk": 693579,
        "model": "rapidsms_xforms.xformsubmissionvalue",
        "fields": {
            "submission": 7413
        }
    },
    {
        "pk": 693580,
        "model": "rapidsms_xforms.xformsubmissionvalue",
        "fields": {
            "submission": 7414
        }
    },
    {
        "pk": 693581,
        "model": "rapidsms_xforms.xformsubmissionvalue",
        "fields": {
            "submission": 7415
        }
    },
    {
        "pk": 693582,
        "model": "rapidsms_xforms.xformsubmissionvalue",
        "fields": {
            "submission": 7416
        }
    },
    {
        "pk": 693583,
        "model": "rapidsms_xforms.xformsubmissionvalue",
        "fields": {
            "submission": 7417
        }
    },
    {
        "pk": 693584,
        "model": "rapidsms_xforms.xformsubmissionvalue",
        "fields": {
            "submission": 7418
        }
    },
    {
        "pk": 693585,
        "model": "rapidsms_xforms.xformsubmissionvalue",
        "fields": {
            "submission": 7419
        }
    },
    {
        "pk": 693586,
        "model": "rapidsms_xforms.xformsubmissionvalue",
        "fields": {
            "submission": 7420
        }
    },
    {
        "pk": 693587,
        "model": "rapidsms_xforms.xformsubmissionvalue",
        "fields": {
            "submission": 7421
        }
    },
    {
        "pk": 693588,
        "model": "rapidsms_xforms.xformsubmissionvalue",
        "fields": {
            "submission": 7422
        }
    },
    {
        "pk": 693589,
        "model": "rapidsms_xforms.xformsubmissionvalue",
        "fields": {
            "submission": 7423
        }
    },
    {
        "pk": 693590,
        "model": "rapidsms_xforms.xformsubmissionvalue",
        "fields": {
            "submission": 7424
        }
    },
    {
        "pk": 693591,
        "model": "rapidsms_xforms.xformsubmissionvalue",
        "fields": {
            "submission": 7425
        }
    }
]